rating,price_â‚¬,sim_dual,sim_sing,sim_3G,sim_4G,sim_5G,sim_volte,sim_wifi,sim_nfc,sim_irc_bl,sim_vo5g,ram_,memory_int(MB),battery_mAh,battery_w,display_inch,display_hz
89.0,604.9889999999999,1,0,1,1,1,1,1,1,0,0,12288.0,262144.0,5000.0,100.0,6.7,120.0
81.0,219.879,1,0,1,1,1,1,1,0,0,0,6144.0,131072.0,5000.0,33.0,6.59,120.0
75.0,181.489,1,0,1,1,1,1,1,0,0,0,4096.0,65536.0,5000.0,15.0,6.6,90.0
81.0,164.989,1,0,1,1,1,1,1,0,0,0,6144.0,131072.0,5000.0,,6.55,120.0
82.0,274.989,1,0,1,1,1,1,1,0,0,0,6144.0,131072.0,5000.0,67.0,6.7,120.0
80.0,186.989,1,0,1,1,1,1,1,1,0,0,6144.0,131072.0,5000.0,25.0,6.6,120.0
81.0,725.9889999999999,1,0,1,1,1,1,1,1,0,0,6144.0,131072.0,3279.0,,6.1,
86.0,329.989,1,0,1,1,1,1,1,0,1,0,8192.0,262144.0,4980.0,120.0,6.67,120.0
85.0,294.239,1,0,1,1,1,1,1,1,0,0,8192.0,131072.0,4500.0,33.0,6.55,120.0
84.0,318.989,1,0,1,1,1,1,1,1,0,0,8192.0,131072.0,4500.0,80.0,6.43,90.0
82.0,208.989,1,0,1,1,1,1,1,0,0,0,6144.0,131072.0,5000.0,33.0,6.72,120.0
79.0,208.989,1,0,1,1,1,1,1,1,0,0,8192.0,131072.0,5000.0,33.0,6.56,90.0
79.0,272.382,1,0,1,1,1,1,1,0,1,0,6144.0,131072.0,5000.0,67.0,6.67,120.0
80.0,186.89,1,0,1,1,1,1,1,0,0,0,6144.0,131072.0,5000.0,18.0,6.58,120.0
,1264.89,1,0,1,1,1,1,1,1,0,1,8192.0,262144.0,5000.0,45.0,6.8,120.0
79.0,692.9889999999999,1,0,1,1,1,1,1,1,0,0,4096.0,131072.0,3240.0,,6.1,
65.0,109.989,1,0,1,1,0,1,1,0,0,0,3072.0,32768.0,5000.0,10.0,6.51,
86.0,505.989,1,0,1,1,1,1,1,1,0,0,16384.0,262144.0,4700.0,80.0,6.7,120.0
86.0,362.989,1,0,1,1,1,1,1,1,0,0,8192.0,131072.0,5000.0,80.0,6.7,120.0
72.0,159.489,1,0,1,1,0,1,1,0,0,0,4096.0,65536.0,5000.0,18.0,6.55,
85.0,439.989,1,0,1,1,1,1,1,1,0,0,8192.0,131072.0,5000.0,100.0,6.7,120.0
85.0,395.989,1,0,1,1,1,1,1,0,0,0,8192.0,131072.0,4830.0,66.0,6.56,120.0
80.0,164.989,1,0,1,1,1,1,1,0,1,0,6144.0,65536.0,5000.0,67.0,6.67,120.0
76.0,196.449,1,0,1,1,1,1,1,0,1,0,4096.0,131072.0,5000.0,33.0,6.67,120.0
87.0,472.89,1,0,1,1,1,1,1,1,0,0,12288.0,262144.0,4800.0,100.0,6.7,120.0
88.0,343.629,1,0,1,1,1,1,1,1,0,0,8192.0,131072.0,4500.0,,6.5,120.0
84.0,241.945,1,0,1,1,1,1,1,0,0,0,8192.0,131072.0,5000.0,33.0,6.59,120.0
76.0,1429.89,1,0,1,1,1,1,1,1,0,0,6144.0,131072.0,4323.0,,6.7,120.0
83.0,307.989,1,0,1,1,1,1,1,0,0,0,8192.0,131072.0,4500.0,44.0,6.44,90.0
,769.9889999999999,1,0,1,1,1,1,1,1,0,0,8192.0,131072.0,4500.0,100.0,6.7,120.0
84.0,219.989,1,0,1,1,1,1,1,0,0,0,8192.0,131072.0,5000.0,33.0,6.72,120.0
81.0,230.989,1,0,1,1,1,1,1,1,1,0,6144.0,131072.0,5000.0,67.0,6.67,120.0
83.0,307.89,1,0,1,1,1,1,1,0,0,0,8192.0,262144.0,4700.0,67.0,6.56,120.0
73.0,428.989,1,0,1,1,0,1,1,1,0,0,4096.0,65536.0,3110.0,,6.1,
85.0,261.69,1,0,1,1,1,1,1,0,0,0,6144.0,131072.0,5000.0,25.0,6.7,120.0
87.0,439.989,1,0,1,1,1,1,1,1,0,0,8192.0,131072.0,4500.0,25.0,6.4,120.0
87.0,329.89,1,0,1,1,1,1,1,1,0,0,8192.0,262144.0,5000.0,66.0,6.67,120.0
,1011.989,1,0,1,1,1,1,1,1,0,0,12288.0,262144.0,5000.0,45.0,6.8,120.0
83.0,362.989,1,0,1,1,1,1,1,0,1,0,6144.0,131072.0,5200.0,210.0,6.67,120.0
83.0,313.489,1,0,1,1,1,1,1,1,0,0,8192.0,262144.0,4500.0,67.0,6.7,120.0
83.0,241.989,1,0,1,1,1,1,1,1,0,0,6144.0,131072.0,5000.0,67.0,6.7,120.0
83.0,219.989,1,0,1,1,1,1,1,0,1,0,6144.0,131072.0,5000.0,67.0,6.67,120.0
87.0,208.989,1,0,1,1,1,1,1,1,0,0,6144.0,131072.0,5000.0,30.0,6.67,90.0
85.0,307.989,1,0,1,1,1,1,1,0,0,0,8192.0,262144.0,5000.0,67.0,6.7,120.0
80.0,203.489,1,0,1,1,0,1,1,0,0,0,8192.0,131072.0,5000.0,44.0,6.58,90.0
81.0,192.258,1,0,1,1,1,1,1,1,0,0,6144.0,131072.0,6000.0,25.0,6.6,120.0
76.0,131.296,1,0,1,1,0,1,1,0,1,0,4096.0,65536.0,5000.0,33.0,6.43,90.0
64.0,98.45,1,0,1,1,0,1,1,0,0,0,3072.0,32768.0,5000.0,,6.5,
68.0,137.379,1,0,1,1,0,1,1,0,0,0,4096.0,65536.0,5000.0,10.0,6.51,
,472.989,1,0,1,1,1,1,1,1,0,0,8192.0,131072.0,5000.0,33.0,6.7,120.0
79.0,208.989,1,0,1,1,1,1,1,0,0,0,6144.0,131072.0,5000.0,15.0,6.6,90.0
82.0,329.989,1,0,1,1,1,1,1,1,1,0,8192.0,131072.0,5000.0,120.0,6.78,120.0
64.0,131.89,1,0,1,1,1,1,1,0,0,0,4096.0,32768.0,5000.0,18.0,6.5,90.0
83.0,208.989,1,0,1,1,1,1,1,1,0,0,6144.0,131072.0,5000.0,30.0,6.6,120.0
74.0,153.989,1,0,1,1,0,1,1,0,0,0,4096.0,65536.0,5000.0,33.0,6.4,90.0
75.0,164.61499999999998,1,0,1,1,1,1,1,0,0,0,4096.0,65536.0,5000.0,18.0,6.6,90.0
82.0,824.9889999999999,1,0,1,1,1,1,1,1,0,0,6144.0,131072.0,4325.0,,6.7,
78.0,120.989,1,0,1,1,0,1,1,0,1,0,6144.0,65536.0,5000.0,33.0,6.43,
89.0,934.89,1,0,1,1,1,1,1,1,0,1,8192.0,262144.0,4700.0,45.0,6.6,120.0
75.0,115.489,1,0,1,1,0,1,1,0,0,0,4096.0,65536.0,5000.0,33.0,6.55,90.0
78.0,197.89,1,0,1,1,1,1,1,1,1,0,6144.0,131072.0,5000.0,67.0,6.67,120.0
85.0,329.89,1,0,1,1,1,1,1,1,0,0,8192.0,131072.0,4600.0,66.0,6.78,120.0
79.0,203.489,1,0,1,1,0,1,1,0,0,0,6144.0,131072.0,5000.0,25.0,6.6,
75.0,181.489,1,0,1,1,0,1,1,0,0,0,6144.0,131072.0,5000.0,18.0,6.55,
81.0,164.989,1,0,1,1,1,1,1,0,1,0,6144.0,131072.0,5000.0,33.0,6.6,90.0
86.0,390.489,1,0,1,1,1,1,1,1,0,0,8192.0,262144.0,4600.0,66.0,6.78,120.0
89.0,670.9889999999999,1,0,1,1,1,1,1,1,0,0,8192.0,131072.0,5000.0,80.0,6.7,120.0
87.0,362.989,1,0,1,1,1,1,1,0,1,0,12288.0,262144.0,4980.0,120.0,6.67,120.0
78.0,175.98899999999998,1,0,1,1,1,1,1,1,0,0,4096.0,131072.0,5000.0,25.0,6.6,120.0
,1099.89,1,0,1,1,1,1,1,1,0,0,8192.0,262144.0,5000.0,67.0,7.1,120.0
62.0,104.489,1,0,1,1,0,1,1,0,0,0,3072.0,65536.0,5000.0,,6.56,
86.0,307.934,1,0,1,1,1,1,1,0,0,0,12288.0,262144.0,4200.0,44.0,6.44,90.0
75.0,153.879,1,0,1,1,1,1,1,0,0,0,4096.0,65536.0,5000.0,18.0,6.58,120.0
85.0,494.989,1,0,1,1,1,1,1,1,0,0,8192.0,131072.0,4800.0,150.0,6.7,120.0
79.0,153.989,1,0,1,1,1,1,1,0,1,0,6144.0,131072.0,5000.0,18.0,6.5,90.0
,68.08999999999999,1,0,1,1,0,1,1,0,0,0,4096.0,32768.0,3500.0,,6.26,
83.0,1318.9,1,0,1,1,1,1,1,1,0,0,6144.0,131072.0,3095.0,,6.1,120.0
83.0,304.26,1,0,1,1,1,1,1,0,0,0,8192.0,131072.0,4800.0,67.0,6.58,120.0
75.0,274.989,1,0,1,1,1,1,1,1,0,0,6144.0,131072.0,5000.0,33.0,6.5,90.0
66.0,92.268,1,0,1,1,0,1,1,0,0,0,4096.0,65536.0,5000.0,,6.53,
83.0,175.98899999999998,1,0,1,1,0,1,1,1,0,0,6144.0,131072.0,5000.0,33.0,6.55,120.0
82.0,230.989,1,0,1,1,1,1,1,0,0,0,8192.0,131072.0,5000.0,15.0,6.6,90.0
75.0,153.989,1,0,1,1,1,1,1,0,0,0,4096.0,65536.0,5000.0,18.0,6.5,90.0
83.0,219.89,1,0,1,1,1,1,1,0,0,0,8192.0,131072.0,5000.0,18.0,6.58,120.0
75.0,153.989,1,0,1,1,1,1,1,0,0,0,6144.0,131072.0,5000.0,15.0,6.5,90.0
83.0,252.989,1,0,1,1,1,1,1,1,0,0,6144.0,131072.0,4020.0,33.0,6.5,144.0
79.0,252.989,1,0,1,1,1,1,1,0,0,0,6144.0,131072.0,5000.0,25.0,6.6,120.0
79.0,186.989,1,0,1,1,1,1,1,0,0,0,8192.0,131072.0,5000.0,33.0,6.56,90.0
80.0,157.19,1,0,1,1,0,1,1,0,1,0,6144.0,131072.0,5000.0,33.0,6.43,90.0
,461.989,1,0,1,1,1,1,1,1,0,0,8192.0,131072.0,5000.0,25.0,6.7,120.0
69.0,148.379,1,0,1,1,0,1,1,0,0,0,4096.0,65536.0,5000.0,18.0,6.51,
83.0,252.89,1,0,1,1,1,1,1,1,0,0,8192.0,131072.0,5000.0,,6.59,120.0
84.0,181.489,1,0,1,1,1,1,1,0,0,0,8192.0,131072.0,5000.0,,6.55,120.0
,813.9889999999999,1,0,1,1,1,1,1,1,1,0,12288.0,262144.0,4700.0,80.0,6.78,120.0
67.0,109.989,1,0,1,1,0,1,1,0,0,0,4096.0,65536.0,5000.0,,6.5,
75.0,137.489,1,0,1,1,0,1,1,0,0,0,4096.0,65536.0,5000.0,33.0,6.6,90.0
72.0,137.489,1,0,1,1,0,1,1,0,0,0,4096.0,65536.0,5000.0,,6.56,
88.0,659.9889999999999,1,0,1,1,1,1,1,1,0,0,8192.0,262144.0,5000.0,120.0,6.78,144.0
,1176.89,1,0,1,1,1,1,1,1,0,0,12288.0,262144.0,4600.0,66.0,8.03,120.0
78.0,175.89,1,0,1,1,1,1,1,0,0,0,4096.0,131072.0,5000.0,18.0,6.58,120.0
75.0,1319.89,1,0,1,1,1,1,1,1,0,0,6144.0,131072.0,3200.0,,6.1,120.0
83.0,219.989,1,0,1,1,1,1,1,0,1,0,6144.0,131072.0,5200.0,33.0,6.67,120.0
83.0,263.89,1,0,1,1,1,1,1,0,0,0,8192.0,131072.0,4400.0,68.0,6.55,144.0
80.0,142.989,1,0,1,1,1,1,1,0,0,0,8192.0,131072.0,5000.0,33.0,6.6,90.0
82.0,219.89,1,0,1,1,1,1,1,0,0,0,8192.0,131072.0,4310.0,50.0,6.43,
,648.89,1,0,1,1,1,1,1,1,1,0,8192.0,131072.0,4820.0,120.0,6.73,120.0
87.0,483.989,1,0,1,1,1,1,1,0,0,0,12288.0,262144.0,5000.0,120.0,6.73,144.0
86.0,549.9889999999999,1,0,1,1,1,1,1,1,0,0,8192.0,131072.0,3700.0,25.0,6.1,120.0
79.0,175.98899999999998,1,0,1,1,0,1,1,0,0,0,6144.0,131072.0,5000.0,44.0,6.44,
87.0,406.989,1,0,1,1,1,1,1,1,0,0,12288.0,262144.0,5000.0,80.0,6.7,120.0
85.0,439.989,1,0,1,1,1,1,1,1,0,0,8192.0,262144.0,5160.0,45.0,6.8,120.0
74.0,571.9889999999999,1,0,1,1,1,1,1,1,0,0,4096.0,65536.0,5000.0,33.0,6.1,
82.0,252.989,1,0,1,1,1,1,1,0,1,0,6144.0,131072.0,5080.0,67.0,6.6,144.0
87.0,351.989,1,0,1,1,1,1,1,1,0,0,6144.0,131072.0,5000.0,25.0,6.5,120.0
,67.881,1,0,1,1,0,1,1,0,0,0,2048.0,32768.0,5000.0,10.0,6.52,
83.0,322.74,1,0,1,1,1,1,1,1,0,0,8192.0,131072.0,4500.0,80.0,6.43,90.0
87.0,278.179,1,0,1,1,1,1,1,0,0,0,8192.0,131072.0,5000.0,25.0,6.7,120.0
78.0,239.668,1,0,1,1,1,1,1,0,0,0,6144.0,131072.0,4700.0,66.0,6.44,90.0
83.0,769.9889999999999,1,0,1,1,1,1,1,1,0,0,16384.0,524288.0,5000.0,120.0,6.73,165.0
88.0,780.89,1,0,1,1,1,1,1,1,0,1,8192.0,131072.0,3900.0,25.0,6.1,120.0
89.0,384.989,1,0,1,1,1,1,1,1,0,0,8192.0,131072.0,4800.0,68.0,6.7,144.0
85.0,372.9,1,0,1,1,1,1,1,1,0,0,12288.0,262144.0,4500.0,80.0,6.43,90.0
71.0,329.989,1,0,1,1,1,1,1,1,0,0,6144.0,131072.0,4410.0,,6.14,
84.0,208.989,1,0,1,1,1,1,1,0,0,0,8192.0,131072.0,5000.0,33.0,6.7,
84.0,214.489,1,0,1,1,1,1,1,1,0,0,8192.0,131072.0,6000.0,25.0,6.6,120.0
83.0,274.934,1,0,1,1,1,1,1,0,0,0,8192.0,131072.0,4200.0,44.0,6.44,90.0
78.0,120.989,1,0,1,1,0,1,1,1,0,0,4096.0,65536.0,5000.0,20.0,6.47,
85.0,274.989,1,0,1,1,1,1,1,0,0,0,8192.0,262144.0,5000.0,33.0,6.59,120.0
82.0,285.989,1,0,1,1,1,1,1,1,0,0,6144.0,131072.0,5000.0,25.0,6.4,90.0
69.0,384.89,1,0,1,1,1,1,1,1,0,0,6144.0,131072.0,4410.0,,6.1,90.0
74.0,148.126,1,0,1,1,1,1,1,0,1,0,4096.0,65536.0,5000.0,18.0,6.58,90.0
76.0,109.989,1,0,1,1,0,1,1,0,1,0,4096.0,65536.0,5020.0,18.0,6.67,
71.0,87.98899999999999,1,0,1,1,0,1,1,0,0,0,4096.0,65536.0,5000.0,,6.5,90.0
86.0,310.739,1,0,1,1,1,1,1,1,0,0,8192.0,262144.0,4500.0,33.0,6.55,120.0
82.0,181.489,1,0,1,1,1,1,1,0,1,0,6144.0,131072.0,5000.0,67.0,6.67,120.0
87.0,252.989,1,0,1,1,1,1,1,0,1,0,8192.0,262144.0,5000.0,67.0,6.67,120.0
75.0,516.9889999999999,1,0,1,1,0,1,1,1,0,0,4096.0,131072.0,3110.0,,6.1,
74.0,153.989,1,0,1,1,0,1,1,0,0,0,6144.0,131072.0,5000.0,18.0,6.6,90.0
78.0,148.39,1,0,1,1,0,1,1,0,0,0,6144.0,131072.0,5000.0,33.0,6.59,90.0
82.0,318.989,1,0,1,1,1,1,1,0,1,0,8192.0,131072.0,4700.0,80.0,6.62,120.0
78.0,170.48899999999998,1,0,1,1,1,1,1,0,0,0,4096.0,131072.0,5000.0,18.0,6.58,120.0
86.0,439.989,1,0,1,1,1,1,1,1,0,0,16384.0,262144.0,4500.0,67.0,6.7,120.0
76.0,142.989,1,0,1,1,1,1,1,0,1,0,4096.0,65536.0,5000.0,33.0,6.6,90.0
,49.489,1,0,1,1,0,1,1,0,0,0,2048.0,65536.0,2800.0,,5.0,
69.0,164.989,1,0,1,1,0,1,1,0,0,0,4096.0,65536.0,6000.0,18.0,6.52,
68.0,93.489,1,0,1,1,0,1,1,0,0,0,4096.0,65536.0,5000.0,15.0,6.5,
83.0,274.89,1,0,1,1,1,1,1,1,0,0,8192.0,131072.0,4400.0,66.0,6.62,120.0
84.0,186.989,1,0,1,1,1,1,1,1,0,0,6144.0,131072.0,6000.0,25.0,6.5,120.0
71.0,105.479,1,0,1,1,0,1,1,0,0,0,4096.0,65536.0,6000.0,18.0,6.7,
74.0,450.989,1,0,1,1,1,1,1,1,0,0,4096.0,65536.0,5000.0,33.0,5.4,
79.0,219.868,1,0,1,1,1,1,1,0,1,0,6144.0,131072.0,5000.0,33.0,6.67,120.0
75.0,131.989,1,0,1,1,0,1,1,1,0,0,4096.0,65536.0,5000.0,33.0,6.6,90.0
79.0,1572.89,1,0,1,1,1,1,1,1,0,0,8192.0,262144.0,4352.0,25.0,6.68,120.0
87.0,340.89,1,0,1,1,1,1,1,1,0,0,8192.0,131072.0,5000.0,67.0,6.7,120.0
85.0,214.489,1,0,1,1,1,1,1,0,0,0,8192.0,262144.0,5000.0,33.0,6.78,120.0
,54.88999999999999,1,0,1,1,0,0,1,0,0,0,4096.0,512.0,1450.0,,2.7,
,58.289,1,0,1,1,0,1,1,0,0,0,2048.0,32768.0,5000.0,,6.5,
82.0,285.659,1,0,1,1,1,1,1,0,0,0,8192.0,131072.0,4500.0,33.0,6.43,
82.0,318.989,1,0,1,1,1,1,1,0,0,0,6144.0,131072.0,5000.0,65.0,6.4,120.0
,1044.89,1,0,1,1,1,1,1,1,0,0,12288.0,262144.0,4520.0,67.0,7.1,120.0
81.0,164.989,1,0,1,1,0,1,1,0,0,0,6144.0,131072.0,5000.0,33.0,6.4,90.0
74.0,164.989,1,0,1,1,0,1,1,0,0,0,4096.0,65536.0,5000.0,33.0,6.4,90.0
84.0,1428.9,1,0,1,1,1,1,1,1,0,0,6144.0,131072.0,4352.0,,6.7,120.0
88.0,648.89,1,0,1,1,1,1,1,1,0,0,12288.0,262144.0,4700.0,80.0,6.73,120.0
88.0,461.89,1,0,1,1,1,1,1,1,1,0,8192.0,131072.0,4810.0,120.0,6.78,120.0
74.0,120.989,1,0,1,1,0,1,1,1,0,0,4096.0,65536.0,6000.0,15.0,6.6,
79.0,131.989,1,0,1,1,0,1,1,0,1,0,6144.0,131072.0,5000.0,33.0,6.43,
79.0,186.989,1,0,1,1,0,1,1,0,0,0,8192.0,131072.0,5000.0,33.0,6.4,90.0
83.0,340.89,1,0,1,1,1,1,1,1,0,0,8192.0,131072.0,4500.0,66.0,6.62,120.0
75.0,197.989,1,0,1,1,1,1,1,0,0,0,4096.0,65536.0,5000.0,18.0,6.6,120.0
,60.489,1,0,1,1,0,1,1,0,0,0,4096.0,32768.0,4000.0,,6.54,
83.0,225.489,1,0,1,1,1,1,1,0,1,0,6144.0,131072.0,5200.0,67.0,6.67,120.0
81.0,225.39,1,0,1,1,1,1,1,0,0,0,6144.0,131072.0,5000.0,33.0,6.4,90.0
77.0,170.39,1,0,1,1,1,1,1,0,0,0,6144.0,131072.0,5000.0,18.0,6.5,90.0
61.0,329.89,0,1,1,1,0,1,1,1,0,0,3072.0,65536.0,2050.0,,4.7,
79.0,170.48899999999998,1,0,1,1,1,1,1,0,0,0,6144.0,131072.0,5000.0,18.0,6.58,120.0
80.0,131.989,1,0,1,1,0,1,1,0,1,0,6144.0,65536.0,5000.0,33.0,6.43,
74.0,120.989,1,0,1,1,0,1,1,0,0,0,4096.0,65536.0,5000.0,33.0,6.6,120.0
82.0,241.89,1,0,1,1,1,1,1,0,0,0,8192.0,131072.0,5000.0,18.0,6.58,
85.0,351.989,1,0,1,1,1,1,1,0,0,0,12288.0,262144.0,4500.0,44.0,6.44,90.0
77.0,131.989,1,0,1,1,0,1,1,0,1,0,6144.0,65536.0,5000.0,33.0,6.43,90.0
89.0,406.989,1,0,1,1,1,1,1,0,0,0,8192.0,262144.0,4500.0,180.0,6.8,120.0
62.0,76.98899999999999,1,0,1,1,0,1,1,0,0,0,3072.0,32768.0,5000.0,10.0,6.56,
89.0,439.989,1,0,1,1,1,1,1,1,0,0,8192.0,131072.0,4600.0,125.0,6.7,165.0
78.0,164.989,1,0,1,1,1,1,1,1,0,0,4096.0,131072.0,5000.0,25.0,6.6,120.0
79.0,159.489,1,0,1,1,1,1,1,0,0,0,8192.0,131072.0,5000.0,33.0,6.6,90.0
84.0,307.989,1,0,1,1,1,1,1,1,0,0,8192.0,131072.0,4200.0,120.0,6.43,90.0
86.0,225.489,1,0,1,1,1,1,1,1,0,0,8192.0,131072.0,5000.0,30.0,6.6,120.0
60.0,89.089,1,0,1,1,0,1,1,0,0,0,4096.0,65536.0,5000.0,,6.5,
65.0,120.989,1,0,1,1,0,1,1,0,0,0,8192.0,131072.0,5000.0,10.0,6.5,
63.0,38.489,1,0,1,1,0,1,1,0,0,0,3072.0,32768.0,4000.0,,6.1,
,109.89,1,0,1,1,0,1,1,0,0,0,4096.0,65536.0,2150.0,,3.54,
85.0,384.989,1,0,1,1,1,1,1,0,0,0,6144.0,131072.0,6000.0,25.0,6.67,90.0
,516.9889999999999,1,0,1,1,1,1,1,0,0,0,12288.0,262144.0,6000.0,65.0,6.9,120.0
88.0,439.989,1,0,1,1,1,1,1,1,0,0,8192.0,131072.0,4400.0,68.0,6.55,144.0
70.0,130.108,1,0,1,1,0,1,1,0,0,0,4096.0,65536.0,5000.0,18.0,6.6,
86.0,505.989,1,0,1,1,1,1,1,1,0,0,12288.0,262144.0,4500.0,80.0,6.7,120.0
81.0,208.989,1,0,1,1,1,1,1,0,0,0,6144.0,131072.0,5000.0,33.0,6.59,120.0
84.0,197.989,1,0,1,1,1,1,1,0,1,0,8192.0,131072.0,5000.0,67.0,6.67,120.0
66.0,93.489,1,0,1,1,0,1,1,0,0,0,4096.0,65536.0,5000.0,15.0,6.5,
76.0,197.989,1,0,1,1,0,1,1,0,0,0,8192.0,131072.0,5000.0,33.0,6.56,90.0
75.0,158.95,1,0,1,1,0,1,1,0,0,0,4096.0,65536.0,5000.0,25.0,6.6,
,604.9889999999999,1,0,1,1,1,1,1,1,0,0,8192.0,131072.0,4610.0,125.0,6.67,144.0
,791.9889999999999,1,0,1,1,1,1,1,1,1,0,12288.0,262144.0,5000.0,120.0,6.6,120.0
79.0,142.989,1,0,1,1,0,1,1,1,0,0,6144.0,131072.0,5000.0,33.0,6.6,90.0
75.0,126.489,1,0,1,1,1,1,1,0,1,0,4096.0,65536.0,5000.0,18.0,6.58,90.0
87.0,395.989,1,0,1,1,1,1,1,1,0,0,12288.0,262144.0,4500.0,33.0,6.55,120.0
76.0,384.989,1,0,1,1,1,1,1,1,0,0,6144.0,131072.0,5000.0,25.0,6.4,120.0
73.0,131.989,1,0,1,1,0,1,1,0,0,0,8192.0,131072.0,6000.0,18.0,6.82,90.0
82.0,307.934,1,0,1,1,1,1,1,0,1,0,8192.0,262144.0,5000.0,67.0,6.67,120.0
77.0,1539.89,1,0,1,1,1,1,1,1,0,0,6144.0,262144.0,4323.0,,6.7,120.0
86.0,439.989,1,0,1,1,1,1,1,0,0,0,12288.0,262144.0,4830.0,66.0,6.56,120.0
79.0,170.48899999999998,1,0,1,1,1,1,1,0,0,0,6144.0,131072.0,5000.0,18.0,6.5,90.0
80.0,208.989,1,0,1,1,1,1,1,0,0,0,6144.0,131072.0,5000.0,33.0,6.6,120.0
73.0,120.989,1,0,1,1,1,1,1,0,0,0,4096.0,131072.0,5000.0,,6.5,90.0
81.0,307.989,1,0,1,1,1,1,1,1,1,0,8192.0,262144.0,5100.0,40.0,6.67,120.0
,901.989,1,0,1,1,1,1,1,1,0,0,12288.0,131072.0,5000.0,30.0,6.7,120.0
74.0,109.989,1,0,1,1,0,1,1,0,0,0,4096.0,65536.0,7000.0,33.0,6.95,90.0
85.0,351.934,1,0,1,1,1,1,1,0,0,0,8192.0,131072.0,4300.0,44.0,6.56,90.0
65.0,102.289,1,0,1,1,0,1,1,0,0,0,3072.0,32768.0,5000.0,,6.5,
84.0,329.89,1,0,1,1,1,1,1,1,1,0,8192.0,131072.0,5500.0,67.0,6.67,120.0
78.0,284.9,1,0,1,1,1,1,1,0,0,0,6144.0,131072.0,4500.0,60.0,6.4,90.0
78.0,186.989,1,0,1,1,1,1,1,0,0,0,6144.0,131072.0,5000.0,18.0,6.6,90.0
85.0,274.989,1,0,1,1,1,1,1,1,0,0,8192.0,131072.0,4020.0,33.0,6.5,144.0
79.0,134.06799999999998,1,0,1,1,0,1,1,0,1,0,6144.0,65536.0,5000.0,33.0,6.43,90.0
,98.989,1,0,1,1,0,1,1,0,0,0,3072.0,32768.0,5000.0,10.0,6.51,
68.0,82.48899999999999,1,0,1,1,0,1,1,0,0,0,4096.0,65536.0,5000.0,,6.53,
79.0,197.989,1,0,1,1,1,1,1,0,0,0,6144.0,131072.0,5000.0,33.0,6.6,90.0
79.0,274.989,1,0,1,1,1,1,1,0,0,0,6144.0,131072.0,5000.0,80.0,6.62,120.0
86.0,505.989,1,0,1,1,1,1,1,1,0,0,12288.0,262144.0,4500.0,80.0,6.7,120.0
,720.4889999999999,1,0,1,1,1,1,1,1,0,0,12288.0,262144.0,5000.0,80.0,6.7,120.0
89.0,648.89,1,0,1,1,1,1,1,1,1,0,8192.0,262144.0,4700.0,200.0,6.78,144.0
74.0,131.989,1,0,1,1,0,1,1,0,0,0,4096.0,65536.0,5000.0,18.0,6.58,90.0
77.0,131.989,1,0,1,1,0,1,1,0,1,0,8192.0,131072.0,6000.0,18.0,6.7,
76.0,208.89,1,0,1,1,1,1,1,0,0,0,6144.0,131072.0,5000.0,33.0,6.56,90.0
77.0,159.489,1,0,1,1,0,1,1,0,0,0,4096.0,131072.0,5000.0,44.0,6.44,
,1176.89,1,0,1,1,1,1,1,1,1,0,12288.0,262144.0,4500.0,67.0,8.02,120.0
66.0,115.489,1,0,1,1,0,1,1,0,0,0,3072.0,65536.0,5000.0,10.0,6.51,
86.0,296.89,1,0,1,1,1,1,1,1,0,0,8192.0,262144.0,4500.0,33.0,6.43,
82.0,219.89,1,0,1,1,0,1,1,0,0,0,8192.0,131072.0,4050.0,44.0,6.44,
89.0,274.989,1,0,1,1,1,1,1,1,1,0,8192.0,262144.0,4300.0,120.0,6.67,120.0
69.0,153.659,1,0,1,1,0,1,1,0,0,0,4096.0,65536.0,5000.0,33.0,6.56,
83.0,494.989,1,0,1,1,1,1,1,1,0,0,8192.0,131072.0,5000.0,67.0,6.7,120.0
84.0,274.989,1,0,1,1,1,1,1,0,0,0,8192.0,131072.0,4700.0,66.0,6.44,90.0
86.0,584.1,1,0,1,1,1,1,1,1,0,0,8192.0,131072.0,4355.0,30.0,6.3,90.0
81.0,186.989,1,0,1,1,1,1,1,0,1,0,6144.0,131072.0,5000.0,33.0,6.6,90.0
82.0,240.889,1,0,1,1,0,1,1,0,0,0,8192.0,131072.0,4500.0,33.0,6.43,90.0
82.0,835.9889999999999,1,0,1,1,1,1,1,1,0,0,6144.0,262144.0,3279.0,,6.1,
85.0,285.989,1,0,1,1,1,1,1,1,0,0,8192.0,262144.0,5000.0,30.0,6.5,120.0
84.0,516.89,1,0,1,1,1,1,1,1,0,0,8192.0,131072.0,6000.0,80.0,6.8,120.0
75.0,109.989,1,0,1,1,0,1,1,0,0,0,4096.0,65536.0,5000.0,20.0,6.47,
89.0,549.9889999999999,1,0,1,1,1,1,1,1,0,0,12288.0,262144.0,5160.0,45.0,6.8,120.0
87.0,197.989,1,0,1,1,0,1,1,1,0,0,8192.0,131072.0,4500.0,45.0,6.7,90.0
80.0,186.34,1,0,1,1,1,1,1,0,0,0,6144.0,131072.0,5000.0,18.0,6.58,120.0
81.0,197.89,1,0,1,1,1,1,1,0,1,0,6144.0,65536.0,5000.0,67.0,6.67,120.0
84.0,230.89,1,0,1,1,1,1,1,1,0,0,8192.0,131072.0,4800.0,67.0,6.7,120.0
79.0,571.9889999999999,1,0,1,1,1,1,1,1,0,0,8192.0,131072.0,4200.0,33.0,6.4,120.0
87.0,708.939,1,0,1,1,1,1,1,1,0,0,8192.0,131072.0,4500.0,45.0,6.6,120.0
71.0,98.89,1,0,1,1,1,1,1,0,0,0,6144.0,65536.0,5000.0,18.0,6.58,90.0
77.0,219.989,1,0,1,1,0,1,1,1,0,0,4096.0,131072.0,5000.0,30.0,6.5,90.0
79.0,148.489,1,0,1,1,1,1,1,0,1,0,6144.0,131072.0,5000.0,18.0,6.58,90.0
78.0,170.48899999999998,1,0,1,1,1,1,1,0,0,0,8192.0,131072.0,6000.0,18.0,6.9,120.0
65.0,71.48899999999999,1,0,1,1,0,1,1,0,0,0,3072.0,32768.0,5000.0,,6.53,
60.0,791.9889999999999,1,0,1,1,0,1,1,1,0,0,4096.0,65536.0,3060.0,,6.1,
89.0,401.489,1,0,1,1,1,1,1,1,0,0,8192.0,262144.0,5000.0,25.0,6.5,120.0
78.0,175.98899999999998,1,0,1,1,1,1,1,0,0,0,6144.0,65536.0,5000.0,33.0,6.7,
87.0,351.934,1,0,1,1,1,1,1,1,0,0,12288.0,262144.0,4500.0,65.0,6.55,90.0
84.0,384.989,1,0,1,1,1,1,1,1,0,0,8192.0,131072.0,5000.0,100.0,6.7,120.0
81.0,208.989,1,0,1,1,0,1,1,0,1,0,6144.0,131072.0,5000.0,67.0,6.67,120.0
88.0,439.89,1,0,1,1,1,1,1,1,0,0,8192.0,131072.0,4700.0,66.0,6.67,120.0
82.0,181.489,1,0,1,1,0,1,1,0,0,0,8192.0,131072.0,5000.0,15.0,6.4,90.0
,68.189,1,0,1,1,0,1,1,0,0,0,512.0,4096.0,1500.0,,2.8,
89.0,597.3,1,0,1,1,1,1,1,1,0,0,12288.0,131072.0,5003.0,30.0,6.71,120.0
73.0,109.989,1,0,1,1,0,1,1,0,0,0,4096.0,65536.0,5000.0,33.0,6.7,
77.0,175.89,1,0,1,1,1,1,1,0,1,0,6144.0,131072.0,5000.0,18.0,6.58,90.0
86.0,249.7,1,0,1,1,1,1,1,0,1,0,8192.0,131072.0,5000.0,67.0,6.67,120.0
89.0,560.89,1,0,1,1,1,1,1,1,1,0,8192.0,262144.0,4600.0,120.0,6.73,120.0
79.0,713.9,1,0,1,1,1,1,1,1,0,0,4096.0,131072.0,2438.0,,5.4,
77.0,151.789,1,0,1,1,0,1,1,0,0,0,6144.0,131072.0,7000.0,33.0,6.9,90.0
65.0,98.989,1,0,1,1,0,1,1,0,0,0,4096.0,65536.0,5000.0,,6.52,
88.0,989.989,1,0,1,1,1,1,1,1,0,0,18432.0,524288.0,6000.0,65.0,6.78,165.0
84.0,241.934,1,0,1,1,1,1,1,0,0,0,8192.0,131072.0,4050.0,44.0,6.44,
70.0,769.89,1,0,1,1,0,1,1,1,0,0,6144.0,131072.0,3500.0,,5.42,
75.0,142.989,1,0,1,1,1,1,1,0,1,0,4096.0,65536.0,5000.0,18.0,6.5,90.0
83.0,274.89,1,0,1,1,1,1,1,1,0,0,8192.0,131072.0,5000.0,120.0,6.78,120.0
82.0,219.89,1,0,1,1,0,1,1,0,0,0,8192.0,131072.0,5000.0,25.0,6.6,
82.0,296.989,1,0,1,1,1,1,1,0,1,0,8192.0,131072.0,5000.0,67.0,6.67,120.0
81.0,219.989,1,0,1,1,1,1,1,1,1,0,8192.0,131072.0,5000.0,67.0,6.67,120.0
83.0,185.9,1,0,1,1,0,1,1,0,0,0,8192.0,262144.0,5000.0,33.0,6.7,
78.0,219.989,1,0,1,1,1,1,1,0,0,0,6144.0,131072.0,5000.0,18.0,6.6,120.0
78.0,2012.989,1,0,1,1,1,1,1,1,0,0,6144.0,1048576.0,4323.0,,6.7,120.0
75.0,142.989,1,0,1,1,0,1,1,0,0,0,6144.0,131072.0,6000.0,15.0,6.6,
82.0,175.98899999999998,1,0,1,1,1,1,1,0,1,0,8192.0,131072.0,5000.0,33.0,6.6,90.0
82.0,153.989,1,0,1,1,0,1,1,0,1,0,8192.0,131072.0,5000.0,33.0,6.43,
61.0,85.23899999999999,1,0,1,1,0,1,1,0,0,0,4096.0,65536.0,5000.0,,6.52,
81.0,274.989,1,0,1,1,1,1,1,0,0,0,8192.0,131072.0,5000.0,25.0,6.6,120.0
,659.9889999999999,1,0,1,1,1,1,1,1,0,0,12288.0,262144.0,4610.0,125.0,6.67,144.0
82.0,284.845,1,0,1,1,1,1,1,0,0,0,8192.0,131072.0,4500.0,33.0,6.43,
89.0,516.89,1,0,1,1,1,1,1,1,1,0,8192.0,131072.0,4500.0,67.0,6.36,120.0
64.0,82.48899999999999,1,0,1,1,0,1,1,0,0,0,3072.0,32768.0,5000.0,,6.53,
60.0,85.69,1,0,1,1,0,1,1,0,0,0,2048.0,32768.0,5000.0,10.0,6.51,
85.0,285.989,1,0,1,1,1,1,1,0,1,0,8192.0,262144.0,5080.0,67.0,6.6,144.0
60.0,69.289,1,0,1,1,0,1,1,0,0,0,3072.0,32768.0,5000.0,,6.5,
77.0,142.989,1,0,1,1,1,1,1,1,0,0,4096.0,65536.0,5000.0,,6.8,120.0
75.0,131.989,1,0,1,1,0,1,1,0,0,0,6144.0,131072.0,6000.0,18.0,6.7,
83.0,240.79,1,0,1,1,1,1,1,1,1,0,6144.0,131072.0,4250.0,33.0,6.55,90.0
84.0,769.9889999999999,0,1,1,1,1,1,1,1,0,0,8192.0,131072.0,3300.0,15.0,6.7,120.0
75.0,615.9889999999999,1,0,1,1,1,1,1,1,0,0,4096.0,131072.0,5000.0,33.0,6.1,
87.0,615.9889999999999,1,0,1,1,1,1,1,1,0,0,16384.0,262144.0,4800.0,150.0,6.7,120.0
75.0,164.989,1,0,1,1,0,1,1,0,0,0,4096.0,131072.0,5000.0,25.0,6.6,
85.0,285.934,1,0,1,1,1,1,1,1,0,0,8192.0,262144.0,4500.0,65.0,6.43,90.0
85.0,472.989,1,0,1,1,1,1,1,1,0,0,8192.0,131072.0,4500.0,,6.62,120.0
89.0,368.489,1,0,1,1,1,1,1,1,0,0,8192.0,131072.0,5000.0,25.0,6.5,120.0
,1308.989,1,0,1,1,1,1,1,1,0,0,12288.0,524288.0,5000.0,45.0,6.8,120.0
80.0,186.989,1,0,1,1,1,1,1,1,0,0,6144.0,131072.0,5000.0,33.0,6.4,
,76.89,1,0,1,1,0,1,1,0,0,0,2048.0,32768.0,4000.0,,6.6,
82.0,329.89,1,0,1,1,1,1,1,0,0,0,8192.0,131072.0,5000.0,66.0,6.0,120.0
71.0,142.384,1,0,1,1,1,1,1,0,0,0,4096.0,65536.0,5000.0,15.0,6.5,90.0
84.0,329.89,1,0,1,1,1,1,1,1,1,0,8192.0,131072.0,5000.0,80.0,6.7,144.0
80.0,186.989,1,0,1,1,1,1,1,1,0,0,8192.0,131072.0,4800.0,66.0,6.81,
89.0,714.9889999999999,1,0,1,1,1,1,1,1,0,0,16384.0,262144.0,5000.0,120.0,6.78,144.0
,1704.9779999999998,1,0,1,1,1,1,1,1,0,0,12288.0,262144.0,4400.0,25.0,7.6,120.0
87.0,1209.989,1,0,1,1,1,1,1,0,0,0,8192.0,131072.0,4450.0,,7.8,
83.0,934.989,1,0,1,1,1,1,1,1,0,0,6144.0,262144.0,4325.0,,6.7,
85.0,302.489,1,0,1,1,1,1,1,1,0,0,8192.0,131072.0,5000.0,25.0,6.4,90.0
69.0,98.989,1,0,1,1,0,1,1,0,0,0,6144.0,131072.0,5000.0,,6.6,90.0
84.0,445.28,1,0,1,1,1,1,1,1,0,0,8192.0,131072.0,4614.0,30.0,6.4,90.0
81.0,197.989,1,0,1,1,0,1,1,0,1,0,6144.0,131072.0,5020.0,33.0,6.67,120.0
,1165.989,1,0,1,1,1,1,1,1,0,0,12288.0,262144.0,5000.0,25.0,6.8,120.0
67.0,98.989,1,0,1,1,0,1,1,0,0,0,4096.0,65536.0,6000.0,18.0,6.82,90.0
77.0,164.989,1,0,1,1,0,1,1,0,0,0,6144.0,131072.0,5000.0,18.0,6.58,90.0
82.0,219.89,1,0,1,1,1,1,1,0,0,0,8192.0,131072.0,4500.0,33.0,6.5,90.0
80.0,257.389,1,0,1,1,1,1,1,0,0,0,8192.0,131072.0,4700.0,66.0,6.44,90.0
,461.89,1,0,1,1,1,1,1,1,0,0,8192.0,262144.0,5000.0,25.0,6.7,120.0
82.0,252.978,1,0,1,1,1,1,1,0,0,0,8192.0,131072.0,5000.0,30.0,6.6,144.0
82.0,285.989,1,0,1,1,1,1,1,1,0,0,6144.0,131072.0,4500.0,67.0,6.67,120.0
74.0,128.7,1,0,1,1,0,1,1,0,0,0,4096.0,65536.0,5000.0,33.0,6.7,
,71.48899999999999,1,0,1,1,0,1,1,0,0,0,2048.0,32768.0,5000.0,,6.5,
84.0,175.98899999999998,1,0,1,1,0,1,1,1,0,0,6144.0,131072.0,6000.0,20.0,6.78,120.0
89.0,712.8,1,0,1,1,1,1,1,1,0,0,8192.0,131072.0,4500.0,65.0,6.7,120.0
80.0,160.48999999999998,1,0,1,1,0,1,1,0,1,0,6144.0,65536.0,5000.0,33.0,6.43,90.0
68.0,82.48899999999999,1,0,1,1,0,1,1,0,0,0,4096.0,65536.0,5000.0,,6.53,
82.0,241.989,1,0,1,1,1,1,1,1,0,0,8192.0,131072.0,5000.0,33.0,6.8,120.0
71.0,131.989,1,0,1,1,0,1,1,0,0,0,4096.0,65536.0,5000.0,,6.5,
79.0,142.989,1,0,1,1,0,1,1,0,1,0,6144.0,131072.0,5000.0,33.0,6.43,90.0
81.0,230.89,1,0,1,1,1,1,1,1,0,0,6144.0,131072.0,4500.0,33.0,6.43,
79.0,802.9889999999999,1,0,1,1,1,1,1,1,0,0,4096.0,262144.0,3240.0,,6.1,
,857.89,1,0,1,1,1,1,1,1,0,0,12288.0,262144.0,4700.0,120.0,6.78,120.0
,626.9889999999999,1,0,1,1,1,1,1,1,1,0,8192.0,262144.0,4870.0,120.0,6.78,120.0
79.0,241.989,1,0,1,1,1,1,1,1,0,0,4096.0,131072.0,5000.0,10.0,6.5,120.0
75.0,104.489,1,0,1,1,0,1,1,0,0,0,4096.0,65536.0,5000.0,20.0,6.53,90.0
66.0,82.48899999999999,1,0,1,1,0,1,1,0,0,0,4096.0,65536.0,5000.0,10.0,6.53,
,51.139,1,0,1,1,0,1,1,0,0,0,2048.0,32768.0,3500.0,,5.45,
62.0,198.0,1,0,1,1,0,1,1,0,0,0,4096.0,32768.0,4030.0,,6.2,
85.0,428.989,1,0,1,1,1,1,1,1,1,0,8192.0,131072.0,5000.0,120.0,6.67,120.0
,78.595,1,0,1,1,0,1,1,0,0,0,2048.0,32768.0,5000.0,10.0,6.5,
77.0,164.89,1,0,1,1,0,1,1,0,0,0,8192.0,131072.0,5000.0,18.0,6.55,90.0
70.0,170.48899999999998,1,0,1,1,0,1,1,0,0,0,4096.0,65536.0,5000.0,33.0,6.56,
69.0,109.989,1,0,1,1,0,1,1,0,1,0,6144.0,131072.0,5000.0,,6.53,
86.0,329.989,1,0,1,1,1,1,1,1,0,0,12288.0,262144.0,4500.0,67.0,6.67,120.0
84.0,175.98899999999998,1,0,1,1,0,1,1,0,0,0,8192.0,131072.0,5000.0,33.0,6.4,90.0
89.0,659.89,1,0,1,1,1,1,1,1,1,0,8192.0,131072.0,5000.0,120.0,6.67,120.0
84.0,384.89,1,0,1,1,1,1,1,0,0,0,8192.0,131072.0,4350.0,120.0,6.56,120.0
75.0,505.989,1,0,1,1,1,1,1,1,0,0,4096.0,131072.0,5000.0,33.0,5.4,
85.0,1319.89,1,0,1,1,1,1,1,0,0,1,12288.0,262144.0,5100.0,45.0,6.83,144.0
88.0,989.89,0,1,1,1,1,1,1,1,0,0,8192.0,131072.0,4300.0,44.0,6.8,120.0
87.0,560.9889999999999,1,0,1,1,1,1,1,1,0,0,12288.0,262144.0,4800.0,150.0,6.7,120.0
65.0,87.98899999999999,1,0,1,1,0,1,1,0,0,0,4096.0,65536.0,5000.0,,6.6,90.0
88.0,483.989,1,0,1,1,1,1,1,1,0,0,8192.0,262144.0,4500.0,25.0,6.4,120.0
83.0,203.489,1,0,1,1,1,1,1,0,1,0,8192.0,131072.0,5000.0,33.0,6.6,90.0
,1484.9889999999998,1,0,1,1,1,1,1,1,0,0,12288.0,524288.0,4500.0,30.0,6.5,120.0
85.0,362.989,1,0,1,1,1,1,1,0,0,0,8192.0,131072.0,4300.0,33.0,6.44,
80.0,148.489,1,0,1,1,0,1,1,0,1,0,6144.0,65536.0,6000.0,33.0,6.67,120.0
86.0,390.379,1,0,1,1,0,1,1,1,0,0,8192.0,131072.0,4500.0,25.0,6.5,120.0
78.0,221.32,1,0,1,1,0,1,1,1,0,0,6144.0,65536.0,2800.0,,5.7,
81.0,472.989,1,0,1,1,0,1,1,1,0,0,8192.0,131072.0,4100.0,15.0,6.4,
,51.139,1,0,1,1,0,0,0,0,0,0,48.0,128.0,1450.0,,2.8,
78.0,274.989,1,0,1,1,1,1,1,0,0,0,6144.0,131072.0,4200.0,66.0,6.4,90.0
82.0,230.989,1,0,1,1,0,1,1,0,0,0,8192.0,131072.0,4500.0,33.0,6.5,90.0
84.0,318.934,1,0,1,1,1,1,1,1,0,0,8192.0,131072.0,5000.0,65.0,6.62,120.0
88.0,537.9,1,0,1,1,1,1,1,1,0,0,8192.0,131072.0,4000.0,25.0,6.2,120.0
86.0,247.434,1,0,1,1,0,1,1,0,0,0,8192.0,131072.0,4500.0,25.0,6.7,
61.0,98.89,1,0,1,1,0,1,1,0,0,0,3072.0,32768.0,5000.0,10.0,6.51,
,76.98899999999999,1,0,1,1,0,1,1,0,0,0,4096.0,32768.0,4000.0,,6.5,
63.0,97.79,1,0,1,1,0,1,1,0,0,0,4096.0,65536.0,5000.0,,6.6,90.0
82.0,203.478,1,0,1,1,1,1,1,0,0,0,8192.0,131072.0,5000.0,18.0,6.58,120.0
81.0,263.989,1,0,1,1,1,1,1,0,0,0,6144.0,131072.0,4700.0,66.0,6.44,90.0
81.0,252.934,1,0,1,1,1,1,1,0,0,0,8192.0,131072.0,4500.0,60.0,6.4,90.0
71.0,142.89,1,0,1,1,0,1,1,0,0,0,4096.0,65536.0,5000.0,15.0,6.5,90.0
78.0,164.989,1,0,1,1,0,1,1,0,0,0,6144.0,131072.0,5000.0,33.0,6.6,90.0
80.0,203.489,1,0,1,1,1,1,1,0,0,0,8192.0,131072.0,5000.0,18.0,6.5,90.0
78.0,164.89,1,0,1,1,0,1,1,0,0,0,6144.0,131072.0,5000.0,33.0,6.4,
88.0,780.89,0,1,1,1,1,1,1,1,0,0,8192.0,262144.0,4300.0,44.0,6.8,120.0
75.0,133.32,1,0,1,1,0,1,1,0,0,0,4096.0,65536.0,6000.0,15.0,6.4,90.0
84.0,329.89,1,0,1,1,0,1,1,1,0,0,8192.0,262144.0,21000.0,33.0,6.78,
82.0,230.989,1,0,1,1,1,1,1,0,0,0,8192.0,131072.0,5000.0,33.0,6.6,120.0
80.0,131.989,1,0,1,1,0,1,1,0,1,0,6144.0,131072.0,5020.0,18.0,6.67,
73.0,197.89,1,0,1,1,1,1,1,1,0,0,4096.0,65536.0,5000.0,15.0,6.5,90.0
77.0,164.89,1,0,1,1,1,1,1,0,1,0,4096.0,131072.0,5000.0,33.0,6.6,90.0
,71.39,1,0,1,1,0,1,1,0,0,0,1024.0,16384.0,5000.0,,6.5,
,32.989,1,0,1,1,0,1,1,0,0,0,512.0,4096.0,2000.0,,2.4,
83.0,384.989,1,0,1,1,1,1,1,1,0,0,8192.0,131072.0,4600.0,240.0,6.7,120.0
79.0,1648.9,1,0,1,1,1,1,1,1,0,0,8192.0,131072.0,4700.0,,6.73,120.0
,71.48899999999999,1,0,1,1,0,1,1,0,0,0,2048.0,32768.0,5000.0,10.0,6.52,
,1154.989,1,0,1,1,1,1,1,1,0,0,12288.0,262144.0,4500.0,67.0,6.71,120.0
75.0,153.989,1,0,1,1,0,1,1,0,0,0,4096.0,131072.0,5000.0,33.0,6.6,90.0
79.0,186.989,1,0,1,1,1,1,1,0,1,0,6144.0,65536.0,5000.0,33.0,6.6,90.0
,879.9889999999999,1,0,1,1,1,1,1,1,0,0,12288.0,262144.0,4700.0,80.0,6.78,120.0
87.0,404.36,1,0,1,1,1,1,1,1,0,0,12288.0,262144.0,4500.0,65.0,6.55,90.0
81.0,258.489,1,0,1,1,1,1,1,0,1,0,6144.0,131072.0,5160.0,67.0,6.67,120.0
87.0,835.89,1,0,1,1,1,1,1,1,0,0,18432.0,262144.0,6000.0,120.0,6.8,165.0
76.0,241.89,1,0,1,1,1,1,1,0,0,0,6144.0,131072.0,5000.0,33.0,6.56,90.0
80.0,208.989,1,0,1,1,1,1,1,0,0,0,6144.0,131072.0,5000.0,30.0,6.6,144.0
66.0,79.73899999999999,1,0,1,1,0,1,1,0,0,0,3072.0,32768.0,5000.0,15.0,6.5,
75.0,186.89,1,0,1,1,1,1,1,1,0,0,4096.0,65536.0,5000.0,18.0,6.49,90.0
80.0,262.79,1,0,1,1,1,1,1,0,1,0,6144.0,131072.0,4520.0,33.0,6.67,120.0
83.0,290.18,1,0,1,1,1,1,1,1,0,0,8192.0,131072.0,4300.0,65.0,6.43,90.0
87.0,307.989,1,0,1,1,1,1,1,1,0,0,12288.0,262144.0,4200.0,65.0,6.44,90.0
70.0,119.35,1,0,1,1,0,1,1,0,0,0,6144.0,131072.0,5000.0,,6.53,
81.0,219.989,1,0,1,1,1,1,1,1,1,0,6144.0,131072.0,5000.0,67.0,6.67,120.0
76.0,1429.89,1,0,1,1,1,1,1,1,0,0,6144.0,262144.0,3200.0,,6.1,120.0
81.0,219.89,1,0,1,1,1,1,1,1,0,0,6144.0,131072.0,5000.0,33.0,6.5,120.0
,461.89,1,0,1,1,1,1,1,1,0,0,8192.0,131072.0,4450.0,125.0,6.67,144.0
,769.89,1,0,1,1,1,1,1,1,1,0,8192.0,262144.0,4860.0,67.0,6.73,120.0
88.0,439.89,1,0,1,1,1,1,1,1,0,0,12288.0,524288.0,4800.0,66.0,6.67,120.0
,824.9889999999999,1,0,1,1,1,1,1,1,0,0,12288.0,524288.0,5000.0,80.0,6.7,120.0
87.0,406.934,1,0,1,1,1,1,1,0,0,0,12288.0,262144.0,4300.0,44.0,6.56,90.0
76.0,161.7,1,0,1,1,0,1,1,0,0,0,6144.0,131072.0,5000.0,18.0,6.51,
86.0,384.89,1,0,1,1,1,1,1,1,1,0,8192.0,131072.0,5000.0,120.0,6.67,120.0
76.0,384.989,0,1,1,1,1,1,1,0,0,0,6144.0,65536.0,6000.0,33.0,6.81,
75.0,153.89,1,0,1,1,0,1,1,0,1,0,4096.0,65536.0,5000.0,33.0,6.43,
62.0,7150.0,0,1,1,1,0,0,1,1,0,0,2048.0,65536.0,2275.0,,4.7,
79.0,163.44899999999998,1,0,1,1,0,1,1,0,0,0,6144.0,131072.0,6000.0,15.0,6.4,90.0
84.0,197.989,1,0,1,1,0,1,1,1,0,0,8192.0,131072.0,5000.0,33.0,6.8,120.0
85.0,384.89,1,0,1,1,1,1,1,1,0,0,8192.0,131072.0,4700.0,67.0,6.7,120.0
85.0,164.89,1,0,1,1,1,1,1,1,0,0,8192.0,131072.0,5000.0,,6.8,
65.0,98.989,1,0,1,1,0,1,1,0,0,0,3072.0,32768.0,4230.0,,6.52,
71.0,98.989,1,0,1,1,0,1,1,0,0,0,4096.0,65536.0,5000.0,10.0,6.5,90.0
84.0,174.064,1,0,1,1,0,1,1,0,1,0,8192.0,131072.0,5000.0,33.0,6.43,90.0
,482.9,1,0,1,1,1,1,1,1,0,0,,,5000.0,33.0,4.7,
86.0,247.434,1,0,1,1,0,1,1,0,0,0,8192.0,131072.0,4500.0,25.0,6.5,90.0
82.0,216.15,1,0,1,1,0,1,1,0,1,0,6144.0,131072.0,5160.0,33.0,6.67,120.0
61.0,76.98899999999999,1,0,1,1,0,1,1,0,0,0,2048.0,32768.0,5000.0,,6.53,
80.0,181.489,1,0,1,1,0,1,1,0,0,0,6144.0,131072.0,5000.0,15.0,6.4,90.0
75.0,175.98899999999998,1,0,1,1,0,1,1,1,0,0,4096.0,131072.0,5000.0,10.0,6.5,90.0
88.0,802.9889999999999,1,0,1,1,1,1,1,1,0,0,16384.0,262144.0,6000.0,65.0,6.78,165.0
84.0,296.989,1,0,1,1,1,1,1,0,1,0,6144.0,131072.0,4980.0,120.0,6.67,120.0
,76.98899999999999,1,0,1,1,0,1,1,0,0,0,2048.0,32768.0,5000.0,,6.6,
75.0,1440.89,1,0,1,1,1,1,1,1,0,0,8192.0,131072.0,5000.0,33.0,6.06,120.0
71.0,140.65699999999998,1,0,1,1,0,1,1,0,0,0,4096.0,131072.0,5000.0,18.0,6.6,90.0
72.0,109.989,1,0,1,1,0,1,1,0,0,0,4096.0,65536.0,6000.0,18.0,6.82,90.0
86.0,604.9889999999999,1,0,1,1,1,1,1,0,0,0,8192.0,131072.0,4500.0,80.0,6.78,120.0
79.0,170.39,1,0,1,1,0,1,1,0,0,0,8192.0,131072.0,5000.0,19.0,6.58,
84.0,285.989,1,0,1,1,0,1,1,0,0,0,8192.0,262144.0,4700.0,33.0,6.7,90.0
68.0,104.489,1,0,1,1,0,1,1,0,0,0,4096.0,131072.0,5000.0,15.0,6.5,
70.0,87.98899999999999,1,0,1,1,0,1,1,0,0,0,4096.0,65536.0,5000.0,,6.71,
86.0,703.89,1,0,1,1,1,1,1,1,0,0,8192.0,131072.0,4300.0,30.0,5.9,120.0
73.0,175.89,0,1,1,1,0,1,1,1,0,0,4096.0,65536.0,4000.0,,6.2,
85.0,384.439,1,0,1,1,1,1,1,1,0,0,12288.0,262144.0,4500.0,66.0,6.62,120.0
72.0,96.789,1,0,1,1,0,1,1,0,0,0,4096.0,65536.0,5000.0,33.0,6.8,
74.0,136.29,1,0,1,1,0,1,1,0,1,0,4096.0,65536.0,6000.0,18.0,6.5,90.0
73.0,126.489,1,0,1,1,0,1,1,0,0,0,4096.0,65536.0,6000.0,,6.4,90.0
,2199.89,1,0,1,1,1,1,1,0,0,0,12288.0,524288.0,4050.0,40.0,7.92,
86.0,472.89,1,0,1,1,1,1,1,1,0,0,16384.0,262144.0,5000.0,120.0,6.73,120.0
82.0,384.989,1,0,1,1,1,1,1,1,0,0,8192.0,131072.0,5000.0,80.0,6.67,144.0
75.0,131.989,1,0,1,1,0,1,1,1,0,0,4096.0,131072.0,6000.0,15.0,6.6,
70.0,115.489,1,0,1,1,0,1,1,0,0,0,4096.0,65536.0,5000.0,10.0,6.52,90.0
66.0,98.01,1,0,1,1,0,1,1,0,0,0,4096.0,65536.0,6000.0,18.0,6.82,90.0
85.0,274.89,1,0,1,1,1,1,1,0,0,0,8192.0,131072.0,4700.0,80.0,6.62,120.0
84.0,197.989,1,0,1,1,1,1,1,1,0,0,8192.0,131072.0,4500.0,33.0,6.43,
86.0,252.989,1,0,1,1,1,1,1,1,1,0,8192.0,131072.0,4250.0,33.0,6.55,90.0
,71.39,1,0,1,1,0,1,1,0,0,0,2048.0,32768.0,5000.0,,6.5,
85.0,241.89,1,0,1,1,1,1,1,0,0,0,8192.0,131072.0,4500.0,45.0,6.67,120.0
,19.382,1,0,1,1,0,1,0,0,0,0,128.0,48.0,1020.0,,1.8,
76.0,136.004,1,0,1,1,0,1,1,0,0,0,4096.0,65536.0,6000.0,15.0,6.4,90.0
86.0,439.89,1,0,1,1,1,1,1,1,0,0,6144.0,131072.0,4500.0,25.0,6.71,120.0
77.0,131.989,1,0,1,1,0,1,1,0,0,0,6144.0,65536.0,4000.0,,6.18,
,82.48899999999999,1,0,1,1,0,0,1,0,0,0,1024.0,16384.0,1900.0,,4.5,
60.0,43.89,1,0,1,1,0,1,1,0,0,0,3072.0,32768.0,3500.0,,5.5,
65.0,115.489,1,0,1,1,0,1,1,0,0,0,2048.0,65536.0,5000.0,10.0,6.5,
,69.289,1,0,1,1,0,1,1,0,0,0,2048.0,32768.0,5000.0,,6.56,
,65.89,1,0,1,1,0,0,1,0,0,0,2048.0,32768.0,3020.0,,5.0,
,1253.89,1,0,1,1,1,1,1,1,0,0,12288.0,262144.0,4730.0,80.0,8.03,120.0
81.0,2639.989,1,0,1,1,0,1,1,1,1,0,,,4700.0,66.0,6.74,120.0
84.0,241.989,1,0,1,1,1,1,1,1,0,0,6144.0,131072.0,7000.0,33.0,6.7,
80.0,175.98899999999998,1,0,1,1,0,1,1,0,0,0,6144.0,131072.0,5000.0,44.0,6.44,120.0
,75.889,1,0,1,1,0,0,1,0,0,0,512.0,4096.0,1500.0,,2.8,
86.0,769.89,1,0,1,1,1,1,1,1,0,0,8192.0,131072.0,4000.0,21.0,6.1,120.0
71.0,142.89,1,0,1,1,0,1,1,0,0,0,4096.0,131072.0,5000.0,,6.35,
,1022.78,1,0,1,1,1,1,1,1,0,0,12288.0,524288.0,5000.0,30.0,6.5,120.0
74.0,175.98899999999998,1,0,1,1,0,1,1,0,0,0,8192.0,262144.0,6000.0,45.0,6.66,90.0
84.0,263.989,1,0,1,1,0,1,1,1,0,0,8192.0,262144.0,4500.0,66.0,6.67,90.0
75.0,142.989,1,0,1,1,0,1,1,0,0,0,4096.0,131072.0,5000.0,18.0,6.58,90.0
86.0,670.89,1,0,1,1,1,1,1,1,0,0,12288.0,262144.0,5000.0,135.0,6.8,120.0
67.0,97.449,1,0,1,1,0,1,1,0,0,0,4096.0,65536.0,5000.0,18.0,6.5,90.0
84.0,371.239,1,0,1,1,1,1,1,0,1,0,12288.0,262144.0,4700.0,80.0,6.62,120.0
63.0,175.89,1,0,1,1,0,1,1,0,0,0,6144.0,65536.0,5000.0,,6.5,
84.0,274.89,1,0,1,1,1,1,1,1,1,0,8192.0,131072.0,5080.0,67.0,6.6,144.0
76.0,164.989,1,0,1,1,1,1,1,0,0,0,4096.0,131072.0,5000.0,33.0,6.6,90.0
76.0,197.89,1,0,1,1,1,1,1,0,0,0,6144.0,131072.0,4500.0,80.0,6.64,120.0
75.0,274.89,1,0,1,1,1,1,1,0,0,0,8192.0,131072.0,4300.0,66.0,6.67,120.0
74.0,127.6,1,0,1,1,0,1,1,0,1,0,4096.0,65536.0,5000.0,18.0,6.58,90.0
62.0,91.289,1,0,1,1,0,1,1,0,0,0,3072.0,32768.0,5000.0,,6.52,
78.0,131.989,1,0,1,1,0,1,1,0,0,0,6144.0,131072.0,5000.0,20.0,6.47,
88.0,989.989,1,0,1,1,1,1,1,1,0,0,8192.0,131072.0,3700.0,25.0,6.7,120.0
77.0,307.989,1,0,1,1,0,1,1,1,0,0,8192.0,131072.0,3300.0,,6.28,
69.0,175.89,0,1,1,1,0,1,1,1,0,0,4096.0,131072.0,3520.0,,6.0,
60.0,80.179,1,0,1,1,0,1,1,0,0,0,2048.0,32768.0,5000.0,10.0,6.52,
86.0,340.89,1,0,1,1,1,1,1,1,0,0,8192.0,262144.0,4800.0,66.0,6.67,120.0
77.0,170.48899999999998,1,0,1,1,0,1,1,0,0,0,6144.0,131072.0,5000.0,33.0,6.6,120.0
66.0,93.489,1,0,1,1,0,1,1,0,0,0,3072.0,32768.0,5000.0,,6.51,
80.0,159.39,1,0,1,1,0,1,1,0,0,0,6144.0,131072.0,6000.0,15.0,6.4,90.0
80.0,170.39,1,0,1,1,1,1,1,0,0,0,6144.0,131072.0,5000.0,15.0,6.6,90.0
78.0,164.89,1,0,1,1,1,1,1,0,0,0,6144.0,131072.0,5000.0,60.0,6.6,120.0
75.0,175.98899999999998,1,0,1,1,1,1,1,0,1,0,4096.0,65536.0,5000.0,18.0,6.5,90.0
82.0,396.0,1,0,1,1,1,1,1,1,0,0,8192.0,131072.0,4080.0,18.0,6.0,90.0
,769.9889999999999,1,0,1,1,1,1,1,1,0,1,12288.0,262144.0,4800.0,150.0,6.73,144.0
86.0,296.89,1,0,1,1,1,1,1,1,1,0,8192.0,262144.0,4300.0,210.0,6.67,120.0
71.0,116.93,1,0,1,1,0,1,1,0,0,0,4096.0,65536.0,6000.0,15.0,6.6,
85.0,472.89,1,0,1,1,1,1,1,1,0,0,8192.0,262144.0,4500.0,80.0,6.7,120.0
77.0,274.89,1,0,1,1,1,1,1,0,0,0,8192.0,131072.0,4500.0,,6.58,90.0
77.0,159.379,1,0,1,1,0,1,1,0,0,0,4096.0,131072.0,5000.0,44.0,6.44,120.0
73.0,181.39,1,0,1,1,0,1,1,0,0,0,6144.0,131072.0,5000.0,33.0,6.56,90.0
82.0,269.434,1,0,1,1,1,1,1,0,0,0,8192.0,262144.0,4500.0,60.0,6.4,90.0
61.0,87.98899999999999,1,0,1,1,0,1,1,0,0,0,2048.0,32768.0,5000.0,,6.51,
85.0,263.89,1,0,1,1,1,1,1,0,0,0,6144.0,131072.0,5000.0,33.0,6.8,144.0
89.0,549.549,1,0,1,1,1,1,1,1,0,0,8192.0,131072.0,5000.0,65.0,6.7,120.0
83.0,1428.9,1,0,1,1,1,1,1,1,0,0,6144.0,262144.0,3095.0,,6.1,120.0
80.0,219.89,1,0,1,1,0,1,1,0,0,0,8192.0,131072.0,4000.0,33.0,6.44,
67.0,164.89,1,0,1,1,0,1,1,1,0,0,4096.0,65536.0,5000.0,25.0,6.62,
85.0,255.959,1,0,1,1,0,1,1,0,0,0,8192.0,131072.0,4000.0,33.0,6.44,
75.0,153.989,1,0,1,1,0,1,1,0,1,0,4096.0,65536.0,5020.0,18.0,6.67,
,21.439,1,0,0,0,0,0,0,0,0,0,8192.0,131072.0,800.0,,2.0,
,30.789,1,0,1,1,0,1,1,0,0,0,64.0,128.0,2500.0,,2.4,
85.0,389.279,1,0,1,1,1,1,1,1,0,0,8192.0,131072.0,5000.0,80.0,6.7,120.0
,876.6999999999999,1,0,1,1,1,1,1,1,0,0,12288.0,262144.0,5003.0,30.0,6.71,120.0
62.0,104.489,1,0,1,1,0,1,1,0,0,0,3072.0,32768.0,5050.0,10.0,6.74,
76.0,135.73999999999998,1,0,1,1,0,1,1,0,0,0,8192.0,131072.0,5000.0,18.0,6.6,90.0
74.0,118.789,1,0,1,1,0,1,1,0,1,0,4096.0,65536.0,5000.0,18.0,6.58,90.0
73.0,164.89,1,0,1,1,0,1,1,0,0,0,4096.0,131072.0,6000.0,18.0,6.7,
89.0,681.89,1,0,1,1,1,1,1,1,0,0,8192.0,131072.0,5000.0,65.0,6.8,120.0
,570.68,1,0,1,1,1,1,1,1,1,0,12288.0,262144.0,4600.0,120.0,6.73,120.0
80.0,186.89,1,0,1,1,0,1,1,0,0,0,8192.0,131072.0,5000.0,33.0,6.59,90.0
84.0,219.89,1,0,1,1,0,1,1,1,0,0,8192.0,131072.0,4000.0,66.0,6.78,90.0
87.0,637.9889999999999,1,0,1,1,1,1,1,1,0,0,8192.0,262144.0,3700.0,25.0,6.1,120.0
87.0,516.89,1,0,1,1,1,1,1,1,0,0,12288.0,262144.0,5600.0,68.0,6.92,144.0
77.0,230.89,1,0,1,1,1,1,1,1,0,0,4096.0,131072.0,5000.0,18.0,6.58,
82.0,197.89,1,0,1,1,1,1,1,1,0,0,6144.0,131072.0,4470.0,18.0,6.67,
82.0,192.489,1,0,1,1,1,1,1,0,0,0,8192.0,131072.0,5000.0,33.0,6.5,90.0
80.0,197.989,1,0,1,1,1,1,1,0,0,0,6144.0,131072.0,5000.0,33.0,6.5,90.0
,549.89,1,0,1,1,1,1,1,0,0,0,8192.0,131072.0,6000.0,44.0,6.51,144.0
,26.389,1,0,1,1,0,1,1,0,0,0,64.0,128.0,1900.0,,2.4,
74.0,164.989,1,0,1,1,1,1,1,0,1,0,4096.0,131072.0,5000.0,33.0,6.67,120.0
82.0,219.78,1,0,1,1,0,1,1,0,1,0,6144.0,131072.0,5020.0,33.0,6.67,120.0
85.0,395.89,1,0,1,1,1,1,1,1,0,0,12288.0,262144.0,4400.0,66.0,6.62,120.0
78.0,175.98899999999998,1,0,1,1,0,1,1,0,0,0,4096.0,131072.0,5000.0,30.0,6.4,
88.0,461.989,1,0,1,1,0,1,1,1,0,0,8192.0,131072.0,4000.0,25.0,6.2,120.0
83.0,285.989,1,0,1,1,1,1,1,1,1,0,8192.0,131072.0,5500.0,67.0,6.67,120.0
65.0,87.89,1,0,1,1,0,1,1,0,0,0,3072.0,32768.0,5000.0,18.0,6.5,90.0
84.0,329.89,1,0,1,1,1,1,1,1,0,0,8192.0,131072.0,4500.0,80.0,6.43,90.0
83.0,307.89,1,0,1,1,1,1,1,0,0,0,8192.0,131072.0,4500.0,65.0,6.43,90.0
84.0,329.989,1,0,1,1,1,1,1,1,1,0,8192.0,131072.0,5500.0,67.0,6.67,120.0
68.0,98.989,1,0,1,1,0,1,1,0,0,0,4096.0,65536.0,4230.0,,6.52,
81.0,153.989,1,0,1,1,0,1,1,0,1,0,8192.0,131072.0,5000.0,33.0,6.43,90.0
71.0,126.489,1,0,1,1,0,1,1,0,0,0,4096.0,65536.0,6000.0,18.0,6.5,
87.0,439.989,1,0,1,1,1,1,1,1,0,0,8192.0,131072.0,6000.0,65.0,6.78,144.0
84.0,307.989,1,0,1,1,1,1,1,1,0,0,8192.0,131072.0,4300.0,65.0,6.43,120.0
79.0,269.489,1,0,1,1,1,1,1,1,0,0,6144.0,131072.0,5000.0,15.0,6.5,90.0
86.0,670.9889999999999,1,0,1,1,1,1,1,1,0,0,12288.0,262144.0,5000.0,165.0,6.8,120.0
89.0,1220.989,1,0,1,1,1,1,1,1,0,0,12288.0,262144.0,4400.0,25.0,7.6,120.0
89.0,604.9889999999999,1,0,1,1,1,1,1,1,0,0,8192.0,131072.0,4000.0,,6.8,
80.0,181.39,1,0,1,1,0,1,1,0,1,0,6144.0,65536.0,5020.0,33.0,6.67,
83.0,274.89,1,0,1,1,0,1,1,0,0,0,6144.0,131072.0,4500.0,25.0,6.5,90.0
,14.289,0,1,0,0,0,0,0,0,0,0,4096.0,4.0,800.0,,1.77,
,275.0,1,0,1,1,0,1,1,0,0,0,3072.0,16384.0,3360.0,,6.0,
,21.989,1,0,1,1,0,1,1,0,0,0,1024.0,8192.0,2000.0,,4.5,
66.0,109.45,1,0,1,1,0,1,1,0,0,0,3072.0,65536.0,5000.0,,6.5,
75.0,142.989,1,0,1,1,1,1,1,0,0,0,8192.0,131072.0,5000.0,,6.56,
83.0,219.989,1,0,1,1,0,1,1,1,0,0,8192.0,262144.0,5000.0,66.0,6.67,120.0
84.0,362.989,1,0,1,1,1,1,1,1,0,0,8192.0,262144.0,5000.0,120.0,6.73,120.0
81.0,313.478,1,0,1,1,1,1,1,1,0,0,6144.0,131072.0,4500.0,20.0,6.58,120.0
71.0,175.97799999999998,1,0,1,1,0,1,1,0,0,0,4096.0,131072.0,5000.0,33.0,6.56,
,41.239,1,0,1,1,0,0,0,0,0,0,48.0,128.0,1450.0,,2.8,
89.0,659.89,1,0,1,1,1,1,1,1,0,0,8192.0,131072.0,4800.0,125.0,6.7,165.0
78.0,186.89,1,0,1,1,1,1,1,0,0,0,6144.0,131072.0,5000.0,67.0,6.59,120.0
82.0,307.989,1,0,1,1,1,1,1,0,0,0,12288.0,262144.0,4700.0,66.0,6.44,90.0
75.0,148.489,1,0,1,1,0,1,1,0,0,0,6144.0,131072.0,5050.0,18.0,6.5,90.0
78.0,181.489,1,0,1,1,0,1,1,0,0,0,6144.0,131072.0,5000.0,25.0,6.6,
66.0,120.989,1,0,1,1,0,1,1,0,0,0,4096.0,65536.0,4230.0,,6.52,
71.0,153.89,1,0,1,1,0,1,1,0,0,0,4096.0,65536.0,6000.0,18.0,6.7,
74.0,109.989,1,0,1,1,0,1,1,0,0,0,4096.0,65536.0,5000.0,18.0,6.6,90.0
83.0,351.934,1,0,1,1,1,1,1,1,0,0,8192.0,131072.0,5000.0,80.0,6.7,120.0
83.0,273.02,1,0,1,1,1,1,1,0,1,0,6144.0,131072.0,4500.0,120.0,6.67,120.0
83.0,252.89,1,0,1,1,1,1,1,0,0,0,8192.0,131072.0,4700.0,80.0,6.62,120.0
88.0,659.89,1,0,1,1,1,1,1,1,0,0,8192.0,262144.0,4700.0,120.0,6.78,120.0
62.0,98.989,1,0,1,1,0,1,1,0,0,0,4096.0,65536.0,5000.0,,6.5,
72.0,115.489,1,0,1,1,0,1,1,0,0,0,6144.0,131072.0,5000.0,,6.53,
,82.48899999999999,1,0,1,1,0,1,1,0,0,0,3072.0,32768.0,3000.0,,5.5,
75.0,109.89,1,0,1,1,0,1,1,0,1,0,4096.0,65536.0,4000.0,18.0,6.3,
76.0,137.39,1,0,1,1,1,1,1,0,1,0,4096.0,131072.0,5000.0,18.0,6.5,90.0
69.0,153.89,1,0,1,1,0,1,1,0,0,0,4096.0,65536.0,5000.0,18.0,6.51,
79.0,197.89,1,0,1,1,1,1,1,0,0,0,6144.0,131072.0,5000.0,15.0,6.6,90.0
83.0,274.989,1,0,1,1,0,1,1,0,0,0,8192.0,131072.0,4000.0,33.0,6.44,90.0
85.0,241.989,1,0,1,1,0,1,1,0,0,0,8192.0,131072.0,4500.0,65.0,6.4,
77.0,219.989,1,0,1,1,0,1,1,0,0,0,8192.0,131072.0,4300.0,30.0,6.55,90.0
,1099.989,1,0,1,1,1,1,1,1,0,0,12288.0,131072.0,5000.0,45.0,6.9,
77.0,1208.9,1,0,1,1,0,1,1,1,0,0,4096.0,65536.0,3500.0,18.0,6.5,
,582.89,0,1,1,1,0,1,1,0,0,0,3072.0,32768.0,2230.0,,4.7,
,1.089,1,0,1,0,0,0,1,0,0,0,1024.0,4096.0,1325.0,,4.0,
80.0,219.89,1,0,1,1,0,1,1,1,0,0,8192.0,131072.0,5000.0,33.0,6.5,120.0
69.0,126.489,1,0,1,1,0,1,1,0,0,0,4096.0,131072.0,5000.0,,6.5,
,7.688999999999999,1,0,0,0,0,0,0,0,0,0,32.0,32.0,3000.0,,1.8,
75.0,153.989,1,0,1,1,0,1,1,0,1,0,4096.0,65536.0,5000.0,33.0,6.67,120.0
82.0,252.89,1,0,1,1,0,1,1,0,0,0,12288.0,262144.0,9800.0,66.0,6.78,120.0
84.0,318.89,1,0,1,1,1,1,1,0,0,0,8192.0,262144.0,5000.0,80.0,6.7,120.0
85.0,307.989,1,0,1,1,1,1,1,1,0,0,8192.0,131072.0,4500.0,67.0,6.67,120.0
82.0,219.89,1,0,1,1,1,1,1,1,1,0,6144.0,131072.0,5080.0,67.0,6.6,144.0
83.0,252.989,1,0,1,1,1,1,1,0,0,0,8192.0,131072.0,5000.0,33.0,6.4,90.0
82.0,197.989,1,0,1,1,0,1,1,0,0,0,8192.0,131072.0,5000.0,44.0,6.44,
81.0,170.48899999999998,1,0,1,1,0,1,1,0,1,0,6144.0,131072.0,5000.0,33.0,6.43,90.0
84.0,197.89,1,0,1,1,1,1,1,0,0,0,8192.0,131072.0,5000.0,30.0,6.78,90.0
77.0,153.989,1,0,1,1,0,1,1,0,0,0,6144.0,131072.0,5000.0,18.0,6.6,120.0
73.0,148.489,1,0,1,1,0,1,1,0,0,0,4096.0,65536.0,5000.0,18.0,6.51,
79.0,162.789,1,0,1,1,1,1,1,0,1,0,6144.0,131072.0,5000.0,18.0,6.5,90.0
62.0,76.98899999999999,1,0,1,1,0,1,1,0,0,0,3072.0,32768.0,5000.0,,6.5,
69.0,131.989,1,0,1,1,0,1,1,0,0,0,4096.0,65536.0,5000.0,,6.52,
85.0,263.934,1,0,1,1,1,1,1,0,0,0,8192.0,131072.0,4000.0,33.0,6.44,90.0
,39.479,1,0,1,1,0,1,0,0,0,0,64.0,128.0,1150.0,,2.4,
80.0,1538.9,1,0,1,1,1,1,1,1,0,0,6144.0,524288.0,5000.0,33.0,6.1,
89.0,769.9889999999999,1,0,1,1,1,1,1,1,0,0,8192.0,262144.0,4000.0,21.0,6.5,
89.0,637.9889999999999,0,1,1,1,1,1,1,1,0,0,12288.0,262144.0,5000.0,18.0,6.7,90.0
87.0,946.0,1,0,1,1,0,1,1,1,0,0,8192.0,262144.0,4300.0,25.0,6.7,
71.0,131.989,1,0,1,1,0,1,1,0,0,0,4096.0,65536.0,5000.0,15.0,6.5,
77.0,164.989,1,0,1,1,0,1,1,1,1,0,6144.0,131072.0,5000.0,67.0,6.67,120.0
81.0,291.489,1,0,1,1,1,1,1,0,0,0,8192.0,131072.0,5000.0,80.0,6.62,120.0
62.0,98.89,1,0,1,1,0,1,1,0,0,0,4096.0,65536.0,5000.0,10.0,6.5,
82.0,1055.989,1,0,1,1,1,1,1,1,0,0,6144.0,524288.0,3279.0,,6.1,
85.0,527.89,1,0,1,1,1,1,1,1,1,0,8192.0,131072.0,4700.0,120.0,6.78,120.0
81.0,197.89,1,0,1,1,0,1,1,0,0,0,8192.0,131072.0,5000.0,33.0,6.8,120.0
83.0,252.989,1,0,1,1,1,1,1,1,0,0,8192.0,131072.0,5000.0,33.0,6.59,120.0
,14.289,1,0,0,0,0,0,0,0,0,0,4096.0,4.0,800.0,,1.77,
,1099.89,1,0,1,1,1,1,1,1,0,0,8192.0,131072.0,5000.0,45.0,6.8,120.0
86.0,439.989,1,0,1,1,1,1,1,1,1,0,8192.0,131072.0,4700.0,120.0,6.67,120.0
88.0,428.989,1,0,1,1,1,1,1,1,1,0,12288.0,262144.0,5000.0,120.0,6.67,120.0
63.0,137.39,1,0,1,1,0,1,1,0,0,0,4096.0,131072.0,5000.0,,6.51,
,60.38999999999999,1,0,1,1,0,0,1,0,0,0,8192.0,131072.0,1450.0,,3.6,
86.0,439.89,1,0,1,1,1,1,1,1,0,0,6144.0,131072.0,4500.0,25.0,6.71,120.0
,14.729,1,0,0,0,0,0,0,0,0,0,4096.0,4.0,1750.0,,1.8,
80.0,183.535,1,0,1,1,0,1,1,0,0,0,8192.0,131072.0,5000.0,18.0,6.58,
,769.89,1,0,1,1,0,1,1,1,1,0,8192.0,131072.0,4400.0,66.0,6.76,90.0
66.0,76.98899999999999,1,0,1,1,0,1,1,0,0,0,4096.0,65536.0,5000.0,,6.52,
86.0,791.9889999999999,1,0,1,1,1,1,1,1,0,0,12288.0,262144.0,6000.0,65.0,6.78,165.0
84.0,296.989,1,0,1,1,1,1,1,1,0,0,8192.0,131072.0,4500.0,50.0,6.43,120.0
75.0,181.489,1,0,1,1,1,1,1,0,0,0,4096.0,131072.0,5000.0,18.0,6.5,90.0
74.0,197.89,1,0,1,1,1,1,1,0,0,0,6144.0,131072.0,5000.0,,6.5,
68.0,98.989,1,0,1,1,0,1,1,0,0,0,4096.0,65536.0,5000.0,,6.53,
63.0,438.9,1,0,1,1,0,1,1,1,0,0,3072.0,65536.0,1821.0,18.0,4.7,
,30.789,0,1,0,0,0,0,0,0,0,0,32.0,32.0,200.0,,0.49,
60.0,65.98899999999999,1,0,1,1,0,1,1,0,0,0,6144.0,65536.0,4000.0,10.0,6.5,
76.0,384.989,1,0,1,1,1,1,1,1,0,0,8192.0,131072.0,5000.0,120.0,6.57,120.0
77.0,186.89,1,0,1,1,1,1,1,0,0,0,8192.0,131072.0,6000.0,44.0,6.58,
84.0,252.89,1,0,1,1,1,1,1,1,0,0,8192.0,131072.0,4800.0,33.0,6.58,120.0
84.0,219.89,1,0,1,1,0,1,1,0,0,0,8192.0,262144.0,4500.0,44.0,6.44,90.0
74.0,119.35,1,0,1,1,0,1,1,0,0,0,6144.0,65536.0,5000.0,18.0,6.6,90.0
75.0,148.489,1,0,1,1,1,1,1,0,0,0,4096.0,65536.0,5000.0,33.0,6.6,90.0
,10.538,1,0,0,0,0,0,0,0,0,0,4096.0,4.0,1200.0,,1.8,
61.0,73.689,1,0,1,1,0,1,1,0,0,0,3072.0,65536.0,5000.0,18.0,6.6,
80.0,197.989,1,0,1,1,0,1,1,0,0,0,8192.0,131072.0,5000.0,33.0,6.59,90.0
69.0,153.89,1,0,1,1,1,1,1,0,1,0,4096.0,131072.0,5000.0,18.0,6.58,90.0
,1044.89,1,0,1,1,1,1,1,1,0,0,12288.0,524288.0,4600.0,120.0,6.76,120.0
72.0,98.648,1,0,1,1,0,1,1,0,0,0,4096.0,65536.0,5000.0,18.0,6.6,
60.0,80.52,1,0,1,1,0,1,1,0,0,0,2048.0,65536.0,5000.0,,6.6,
69.0,98.989,1,0,1,1,0,1,1,0,0,0,4096.0,65536.0,5000.0,18.0,6.5,
75.0,153.989,1,0,1,1,0,1,1,0,0,0,6144.0,131072.0,5000.0,15.0,6.5,
79.0,162.206,1,0,1,1,0,1,1,1,0,0,6144.0,131072.0,5000.0,18.0,6.8,
83.0,186.989,1,0,1,1,1,1,1,1,1,0,6144.0,131072.0,5000.0,67.0,6.6,120.0
83.0,285.89,1,0,1,1,1,1,1,0,1,0,8192.0,131072.0,4520.0,33.0,6.67,120.0
78.0,181.489,1,0,1,1,0,1,1,0,1,0,6144.0,131072.0,5000.0,33.0,6.43,
81.0,219.989,1,0,1,1,0,1,1,0,1,0,6144.0,65536.0,5020.0,33.0,6.67,120.0
80.0,258.5,1,0,1,1,1,1,1,1,0,0,6144.0,131072.0,5000.0,33.0,6.67,144.0
85.0,604.9889999999999,1,0,1,1,1,1,1,1,0,0,6144.0,131072.0,4300.0,25.0,6.8,
80.0,214.489,1,0,1,1,0,1,1,0,0,0,6144.0,131072.0,5000.0,18.0,6.5,
,879.89,1,0,1,1,1,1,1,1,0,0,8192.0,131072.0,5000.0,,6.8,
83.0,439.989,1,0,1,1,0,1,1,1,0,0,6144.0,131072.0,4500.0,25.0,6.7,
89.0,1022.989,1,0,1,1,1,1,1,1,1,0,12288.0,262144.0,4300.0,,6.8,
,19.789,1,0,0,0,0,0,1,0,0,0,8192.0,16.0,1480.0,,2.8,
84.0,362.89,1,0,1,1,1,1,1,1,1,0,8192.0,262144.0,5000.0,120.0,6.78,120.0
72.0,159.489,1,0,1,1,0,1,1,0,0,0,4096.0,131072.0,5000.0,15.0,6.5,90.0
70.0,153.989,1,0,1,1,1,1,1,0,0,0,4096.0,131072.0,5000.0,15.0,6.51,
,87.98899999999999,1,0,1,1,0,1,1,0,0,0,2048.0,32768.0,5000.0,10.0,6.51,
,63.635,1,0,1,1,0,1,1,0,0,0,2048.0,32768.0,5000.0,18.0,6.6,
73.0,142.89,1,0,1,1,1,1,1,0,1,0,4096.0,131072.0,5000.0,18.0,6.58,90.0
84.0,219.89,1,0,1,1,1,1,1,0,1,0,8192.0,131072.0,5100.0,120.0,6.73,120.0
79.0,263.89,1,0,1,1,1,1,1,0,0,0,12288.0,262144.0,5000.0,33.0,6.56,90.0
77.0,197.989,1,0,1,1,0,1,1,0,0,0,6144.0,65536.0,4000.0,15.0,6.4,
80.0,186.989,1,0,1,1,0,1,1,0,0,0,6144.0,131072.0,5000.0,120.0,6.91,
68.0,109.989,1,0,1,1,1,1,1,0,0,0,4096.0,131072.0,5000.0,,6.5,
63.0,91.289,1,0,1,1,0,1,1,0,0,0,3072.0,65536.0,5000.0,,6.82,
89.0,904.189,1,0,1,1,1,1,1,1,0,0,8192.0,262144.0,5000.0,30.0,6.1,120.0
,20.35,0,1,0,0,0,0,0,0,0,0,8192.0,131072.0,800.0,,1.5,
84.0,549.89,1,0,1,1,1,1,1,1,0,0,8192.0,131072.0,5000.0,80.0,6.67,144.0
71.0,131.989,1,0,1,1,0,1,1,0,0,0,4096.0,65536.0,5050.0,18.0,6.5,90.0
82.0,329.89,1,0,1,1,1,1,1,1,0,0,6144.0,131072.0,4300.0,67.0,6.55,120.0
,1014.739,1,0,1,1,1,1,1,1,0,0,8192.0,262144.0,4500.0,33.0,7.1,120.0
84.0,1538.9,1,0,1,1,1,1,1,1,0,0,6144.0,262144.0,4352.0,,6.7,120.0
74.0,164.89,1,0,1,1,0,1,1,0,0,0,4096.0,131072.0,5000.0,18.0,6.51,
79.0,175.868,1,0,1,1,0,1,1,0,0,0,6144.0,131072.0,5000.0,33.0,6.43,
76.0,128.975,1,0,1,1,0,1,1,0,0,0,4096.0,65536.0,6000.0,15.0,6.4,
80.0,197.934,1,0,1,1,0,1,1,0,0,0,8192.0,131072.0,4310.0,30.0,6.43,
86.0,1484.9889999999998,0,1,1,1,0,1,1,0,0,0,8192.0,262144.0,4000.0,45.0,7.4,
81.0,281.545,1,0,1,1,1,1,1,1,0,0,6144.0,131072.0,4300.0,30.0,6.49,90.0
67.0,82.48899999999999,1,0,1,1,0,0,1,0,0,0,6144.0,131072.0,4000.0,,6.2,
74.0,119.79,1,0,1,1,0,1,1,0,1,0,6144.0,65536.0,5000.0,18.0,6.53,
83.0,208.89,1,0,1,1,0,1,1,0,0,0,8192.0,131072.0,4015.0,30.0,6.43,
82.0,219.89,1,0,1,1,1,1,1,1,0,0,6144.0,131072.0,5000.0,20.0,6.67,
80.0,175.89,1,0,1,1,0,1,1,1,0,0,4096.0,131072.0,4000.0,15.0,6.4,
89.0,648.9889999999999,1,0,1,1,0,1,1,1,0,0,12288.0,262144.0,4300.0,45.0,6.8,
71.0,137.5,1,0,1,1,0,1,1,0,0,0,4096.0,65536.0,5000.0,,6.35,
82.0,329.989,1,0,1,1,0,1,1,0,0,0,8192.0,131072.0,4500.0,18.0,6.38,
86.0,351.89,1,0,1,1,1,1,1,0,0,1,8192.0,262144.0,4700.0,80.0,6.67,120.0
86.0,329.989,1,0,1,1,1,1,1,1,0,0,8192.0,131072.0,4000.0,33.0,6.44,90.0
,1187.89,1,0,1,1,1,1,1,1,0,0,16384.0,524288.0,6000.0,65.0,6.78,165.0
84.0,351.89,1,0,1,1,1,1,1,1,0,0,8192.0,131072.0,4020.0,68.0,6.28,120.0
87.0,538.89,1,0,1,1,1,1,1,1,1,0,8192.0,131072.0,5000.0,120.0,6.67,120.0
85.0,1099.89,1,0,1,1,1,1,1,1,0,0,8192.0,262144.0,4500.0,66.0,6.76,120.0
65.0,104.489,1,0,1,1,0,1,1,0,0,0,4096.0,65536.0,5000.0,,6.52,
89.0,1792.89,1,0,1,1,0,1,1,1,1,0,8192.0,524288.0,4600.0,66.0,7.8,120.0
80.0,274.989,1,0,1,1,1,1,1,0,0,0,6144.0,131072.0,5000.0,67.0,6.62,144.0
72.0,912.89,1,0,1,1,0,1,1,1,0,0,6144.0,131072.0,3285.0,,6.06,
79.0,175.98899999999998,1,0,1,1,0,1,1,0,0,0,8192.0,131072.0,5000.0,33.0,6.95,120.0
64.0,98.989,1,0,1,1,0,1,1,0,0,0,4096.0,65536.0,5000.0,,6.52,
73.0,197.89,1,0,1,1,1,1,1,0,0,0,6144.0,131072.0,5000.0,,6.5,
,912.89,1,0,1,1,1,1,1,1,0,0,12288.0,262144.0,4500.0,120.0,6.78,120.0
77.0,142.989,1,0,1,1,0,1,1,0,1,0,6144.0,131072.0,6000.0,18.0,6.5,90.0
83.0,329.89,1,0,1,1,0,0,1,1,0,0,8192.0,131072.0,4300.0,66.0,6.57,120.0
,76.98899999999999,1,0,1,0,0,0,1,0,0,0,1024.0,16384.0,4000.0,,6.1,
,670.9889999999999,1,0,1,1,0,1,1,1,1,0,8192.0,262144.0,4360.0,66.0,6.6,120.0
83.0,307.89,1,0,1,1,1,1,1,1,1,0,8192.0,131072.0,5500.0,67.0,6.67,120.0
,57.739,1,0,1,1,0,1,1,0,0,0,2048.0,16384.0,3000.0,,5.45,
80.0,164.989,1,0,1,1,1,1,1,0,0,0,6144.0,131072.0,5000.0,30.0,6.5,120.0
87.0,494.89,1,0,1,1,1,1,1,1,0,0,8192.0,131072.0,4500.0,65.0,6.55,90.0
87.0,247.39,1,0,1,1,1,1,1,1,0,0,6144.0,131072.0,5000.0,20.0,6.7,90.0
,560.89,1,0,1,1,1,1,1,1,0,0,12288.0,262144.0,4500.0,65.0,6.7,120.0
75.0,126.489,1,0,1,1,0,1,1,0,1,0,6144.0,65536.0,6000.0,18.0,6.53,
,65.89,1,0,1,1,0,1,1,0,0,0,1024.0,16384.0,4000.0,,6.5,
84.0,297.0,1,0,1,1,1,1,1,0,0,0,8192.0,131072.0,4000.0,33.0,6.44,
86.0,329.989,1,0,1,1,1,1,1,1,1,0,8192.0,131072.0,5000.0,33.0,6.67,144.0
84.0,307.89,1,0,1,1,0,1,1,0,0,0,8192.0,262144.0,4500.0,33.0,6.44,
,36.19,1,0,0,1,0,1,1,0,0,0,8192.0,131072.0,2000.0,,2.4,
89.0,824.9889999999999,1,0,1,1,1,1,1,1,0,0,8192.0,131072.0,4000.0,25.0,6.2,
72.0,109.89,1,0,1,1,0,1,1,0,0,0,4096.0,65536.0,5000.0,18.0,6.53,
82.0,219.89,1,0,1,1,0,1,1,0,0,0,8192.0,131072.0,4000.0,30.0,6.4,
75.0,146.069,1,0,1,1,0,1,1,0,0,0,4096.0,65536.0,4000.0,20.0,6.4,
68.0,121.0,1,0,1,1,0,1,1,0,0,0,3072.0,65536.0,5000.0,,6.35,
,207.9,0,0,0,0,0,0,0,0,0,0,,,5000.0,33.0,4.0,
78.0,142.989,1,0,1,1,0,1,1,0,0,0,6144.0,131072.0,4000.0,,6.18,
61.0,80.289,1,0,1,1,0,1,1,0,0,0,3072.0,32768.0,5000.0,10.0,6.52,
,10.945,1,0,0,0,0,0,0,0,0,0,52.0,32.0,1000.0,,1.8,
61.0,87.98899999999999,1,0,1,1,0,1,1,0,0,0,4096.0,32768.0,5000.0,,6.5,
86.0,604.89,1,0,1,1,1,1,1,1,1,0,8192.0,131072.0,5000.0,67.0,6.73,120.0
77.0,549.89,1,0,1,1,1,1,1,1,0,0,12288.0,262144.0,5000.0,120.0,6.67,120.0
,604.89,1,0,1,1,1,1,1,1,0,0,12288.0,262144.0,4500.0,100.0,6.78,120.0
60.0,549.89,1,0,1,1,1,1,1,1,0,0,,,5000.0,33.0,6.1,
71.0,170.48899999999998,1,0,1,1,0,1,1,0,0,0,4096.0,131072.0,6000.0,18.0,6.8,120.0
78.0,1868.9,1,0,1,1,1,1,1,1,0,0,6144.0,524288.0,4323.0,,6.7,120.0
75.0,593.89,1,0,1,1,1,1,1,1,0,0,8192.0,131072.0,4830.0,67.0,6.6,120.0
80.0,208.89,1,0,1,1,1,1,1,0,0,0,8192.0,131072.0,6000.0,44.0,6.58,120.0
76.0,186.989,1,0,1,1,1,1,1,1,0,0,4096.0,65536.0,5000.0,33.0,6.6,90.0
86.0,384.989,1,0,1,1,1,1,1,1,0,0,8192.0,131072.0,4200.0,67.0,6.5,144.0
,912.89,1,0,1,1,1,1,1,1,1,0,12288.0,524288.0,5000.0,80.0,7.0,120.0
89.0,516.9889999999999,1,0,1,1,1,1,1,1,0,0,12288.0,262144.0,5000.0,65.0,6.7,120.0
66.0,93.489,1,0,1,1,0,1,1,0,0,0,3072.0,32768.0,5000.0,,6.51,
76.0,186.989,1,0,1,1,0,1,1,0,0,0,6144.0,131072.0,4000.0,5.0,6.7,90.0
69.0,126.489,1,0,1,1,0,1,1,0,0,0,4096.0,65536.0,5000.0,15.0,6.5,
88.0,978.989,1,0,1,1,1,1,1,1,0,0,8192.0,262144.0,4500.0,45.0,6.6,120.0
81.0,175.89,1,0,1,1,0,1,1,0,0,0,8192.0,131072.0,5000.0,18.0,6.58,90.0
83.0,274.89,1,0,1,1,1,1,1,0,1,0,8192.0,131072.0,5160.0,67.0,6.67,120.0
,879.89,1,0,1,1,1,1,1,1,0,0,8192.0,262144.0,5000.0,80.0,6.7,120.0
61.0,68.73899999999999,1,0,1,1,0,1,1,0,0,0,2048.0,32768.0,5000.0,,6.51,
69.0,137.489,1,0,1,1,0,1,1,0,0,0,3072.0,65536.0,5000.0,18.0,6.51,
61.0,71.48899999999999,1,0,1,1,0,1,1,0,0,0,2048.0,32768.0,5000.0,,6.53,
86.0,1978.9,1,0,1,1,1,1,1,1,0,0,6144.0,1048576.0,4352.0,,6.7,120.0
68.0,131.89,1,0,1,1,0,1,1,0,0,0,3072.0,65536.0,5000.0,,6.51,
82.0,296.89,1,0,1,1,0,1,1,0,0,0,8192.0,131072.0,4050.0,44.0,6.44,
76.0,148.489,1,0,1,1,0,1,1,0,0,0,6144.0,131072.0,6000.0,,6.4,90.0
,835.9889999999999,1,0,1,1,1,1,1,1,1,0,12288.0,262144.0,4800.0,67.0,6.73,120.0
60.0,65.98899999999999,1,0,1,1,0,1,1,0,0,0,3072.0,32768.0,5000.0,,6.52,
67.0,93.489,1,0,1,1,0,1,1,0,0,0,3072.0,32768.0,5000.0,15.0,6.5,
71.0,131.89,1,0,1,1,0,1,1,0,0,0,4096.0,131072.0,5000.0,,6.51,
77.0,120.89,1,0,1,1,1,1,1,0,1,0,4096.0,131072.0,5000.0,18.0,6.43,90.0
,1209.89,1,0,1,1,1,1,1,1,1,0,12288.0,262144.0,5020.0,67.0,8.01,90.0
80.0,186.989,1,0,1,1,1,1,1,1,0,0,6144.0,131072.0,5000.0,18.0,6.5,90.0
70.0,134.189,1,0,1,1,0,1,1,0,0,0,4096.0,65536.0,5000.0,,6.51,
72.0,126.39,1,0,1,1,0,1,1,0,0,0,4096.0,131072.0,4230.0,,6.52,
,60.38999999999999,1,0,1,1,0,1,1,0,0,0,1024.0,16384.0,4000.0,,6.0,
74.0,126.489,1,0,1,1,0,1,1,0,1,0,4096.0,65536.0,6000.0,18.0,6.53,
88.0,653.9499999999999,1,0,1,1,1,1,1,1,0,0,8192.0,131072.0,4800.0,25.0,6.7,120.0
76.0,140.789,1,0,1,1,0,1,1,0,1,0,4096.0,65536.0,5000.0,33.0,6.67,
88.0,913.0,1,0,1,1,0,1,1,1,0,0,8192.0,131072.0,4500.0,25.0,6.7,120.0
80.0,159.39,1,0,1,1,0,1,1,0,0,0,6144.0,65536.0,4300.0,30.0,6.6,90.0
,912.89,1,0,1,1,1,1,1,1,0,0,8192.0,262144.0,4200.0,40.0,6.58,90.0
64.0,104.39,1,0,1,1,0,1,1,0,0,0,3072.0,32768.0,5000.0,,6.35,
78.0,275.0,1,0,1,1,0,1,1,0,0,0,8192.0,131072.0,3700.0,,6.39,
65.0,165.0,1,0,1,1,0,1,1,0,0,0,4096.0,65536.0,4030.0,,6.22,
70.0,230.89,1,0,1,1,0,1,1,0,0,0,4096.0,131072.0,3315.0,,6.3,
78.0,384.989,1,0,1,1,0,1,1,1,0,0,6144.0,131072.0,3500.0,,6.2,
80.0,329.989,1,0,1,1,1,1,1,0,0,1,8192.0,131072.0,5000.0,120.0,6.73,144.0
67.0,131.989,1,0,1,1,1,1,1,0,0,0,4096.0,131072.0,6000.0,15.0,6.51,
72.0,142.989,1,0,1,1,0,1,1,0,0,0,4096.0,131072.0,5000.0,,6.5,
89.0,1374.89,1,0,1,1,1,1,1,1,0,0,12288.0,262144.0,5000.0,,6.6,240.0
85.0,318.989,1,0,1,1,1,1,1,0,1,1,8192.0,131072.0,5080.0,120.0,6.67,120.0
77.0,142.989,1,0,1,1,0,1,1,0,0,0,8192.0,131072.0,5000.0,18.0,6.78,
82.0,313.489,1,0,1,1,1,1,1,0,0,0,8192.0,262144.0,5000.0,80.0,6.62,120.0
83.0,1154.989,1,0,1,1,1,1,1,1,0,0,6144.0,524288.0,4325.0,,6.7,
77.0,1902.989,1,0,1,1,1,1,1,1,0,0,6144.0,1048576.0,3200.0,,6.1,120.0
79.0,197.89,1,0,1,1,1,1,1,0,1,0,6144.0,131072.0,5100.0,18.0,6.73,120.0
76.0,151.51399999999998,1,0,1,1,0,1,1,0,1,0,6144.0,131072.0,5000.0,18.0,6.58,90.0
,24.629,1,0,1,1,0,1,1,0,0,0,48.0,128.0,1200.0,,2.4,
64.0,98.989,1,0,1,1,0,1,1,0,0,0,4096.0,65536.0,5050.0,,6.52,
75.0,208.89,1,0,1,1,1,1,1,1,0,0,4096.0,65536.0,5000.0,33.0,6.56,90.0
77.0,164.989,1,0,1,1,0,1,1,1,0,0,6144.0,131072.0,5000.0,18.0,6.8,90.0
61.0,87.98899999999999,1,0,1,1,0,1,1,0,0,0,3072.0,32768.0,5000.0,10.0,6.5,
85.0,439.989,1,0,1,1,1,1,1,1,1,0,8192.0,131072.0,5000.0,120.0,6.67,144.0
67.0,131.89,1,0,1,1,0,1,1,0,0,0,3072.0,65536.0,5000.0,33.0,6.56,
77.0,142.989,1,0,1,1,0,1,1,0,0,0,6144.0,131072.0,5000.0,33.0,6.7,
77.0,604.9889999999999,1,0,1,1,1,1,1,1,0,1,8192.0,131072.0,4500.0,,6.5,
72.0,274.89,1,0,1,1,1,1,1,0,0,0,6144.0,131072.0,6000.0,,6.7,
88.0,659.9889999999999,1,0,1,1,1,1,1,0,0,0,12288.0,262144.0,4500.0,80.0,6.78,120.0
72.0,219.989,1,0,1,1,1,1,1,0,0,0,6144.0,131072.0,5000.0,,6.67,120.0
79.0,186.989,1,0,1,1,0,1,1,0,0,0,8192.0,131072.0,5000.0,33.0,6.7,
60.0,164.989,1,0,1,1,0,1,1,0,0,0,4096.0,65536.0,6000.0,,6.5,
76.0,329.89,1,0,1,1,1,1,1,0,0,0,8192.0,131072.0,4500.0,67.0,6.44,90.0
69.0,153.89,1,0,1,1,1,1,1,0,1,0,4096.0,131072.0,5000.0,18.0,6.58,90.0
81.0,197.989,1,0,1,1,0,1,1,0,1,0,6144.0,131072.0,5000.0,67.0,6.67,120.0
73.0,125.389,1,0,1,1,0,1,1,0,0,0,4096.0,65536.0,5000.0,18.0,6.6,
,6.589,1,0,0,0,0,0,0,0,0,0,32.0,32.0,1000.0,,1.8,
79.0,219.89,1,0,1,1,1,1,1,0,0,0,8192.0,131072.0,6000.0,18.0,6.58,
74.0,170.48899999999998,1,0,1,1,0,1,1,0,0,0,4096.0,131072.0,5000.0,18.0,6.51,90.0
,76.98899999999999,1,0,1,1,0,1,1,0,0,0,3072.0,32768.0,4800.0,,6.8,
77.0,137.489,1,0,1,1,0,1,1,0,1,0,4096.0,131072.0,5020.0,18.0,6.67,
80.0,1011.989,1,0,1,1,1,1,1,1,0,0,4096.0,524288.0,3240.0,,6.1,
71.0,106.59,1,0,1,1,0,1,1,0,0,0,4096.0,65536.0,5000.0,,6.78,90.0
85.0,362.89,1,0,1,1,1,1,1,1,0,0,8192.0,131072.0,4500.0,65.0,6.55,120.0
87.0,472.89,1,0,1,1,1,1,1,1,1,0,8192.0,131072.0,4500.0,67.0,6.28,120.0
,164.989,0,1,1,1,0,1,1,0,0,0,2048.0,16384.0,2000.0,,4.0,
82.0,205.689,1,0,1,1,0,1,1,0,1,0,8192.0,131072.0,4250.0,33.0,6.55,90.0
,19.239,1,0,0,0,0,0,0,0,0,0,32.0,32.0,1900.0,,2.8,
76.0,120.89,1,0,1,1,1,1,1,0,0,0,4096.0,131072.0,5000.0,18.0,6.5,
85.0,340.89,1,0,1,1,1,1,1,0,1,0,8192.0,131072.0,4520.0,33.0,6.67,120.0
89.0,659.9889999999999,1,0,1,1,1,1,1,1,0,0,16384.0,524288.0,5000.0,120.0,6.5,144.0
83.0,263.989,1,0,1,1,0,1,1,1,0,0,6144.0,131072.0,7000.0,,6.71,
69.0,109.989,1,0,1,1,1,1,1,0,0,0,4096.0,131072.0,5000.0,18.0,6.5,
,34.089,1,0,1,1,0,1,0,0,0,0,64.0,128.0,1150.0,,2.4,
80.0,1318.9,1,0,1,1,1,1,1,1,0,0,6144.0,262144.0,5000.0,33.0,6.1,
67.0,102.289,1,0,1,1,0,1,1,0,0,0,4096.0,131072.0,5000.0,10.0,6.53,
77.0,142.879,1,0,1,1,0,1,1,0,0,0,6144.0,65536.0,4300.0,30.0,6.5,90.0
,54.989,1,0,1,1,0,1,1,0,0,0,1024.0,16384.0,3000.0,,5.3,
,131.989,0,1,1,1,0,0,1,0,0,0,1024.0,8192.0,1470.0,,2.8,
83.0,329.89,1,0,1,1,1,1,1,0,0,0,8192.0,131072.0,4300.0,65.0,6.43,
72.0,137.39,1,0,1,1,0,1,1,0,0,0,6144.0,131072.0,4230.0,,6.5,
75.0,307.989,1,0,1,1,0,1,1,1,0,0,4096.0,131072.0,3600.0,18.0,6.0,90.0
,90.189,1,0,1,1,0,1,1,0,0,0,2048.0,32768.0,4030.0,,6.22,
81.0,241.89,1,0,1,1,0,1,1,0,0,0,8192.0,131072.0,4200.0,40.0,6.4,
73.0,220.0,1,0,1,1,0,1,1,0,0,0,4096.0,131072.0,5000.0,18.0,6.53,
74.0,131.89,1,0,1,1,0,1,1,0,0,0,6144.0,65536.0,5000.0,18.0,6.53,
75.0,131.879,1,0,1,1,0,1,1,0,1,0,4096.0,65536.0,5020.0,5.0,6.53,
66.0,126.39,1,0,1,1,0,1,1,0,1,0,4096.0,65536.0,5000.0,18.0,6.22,
68.0,126.39,1,0,1,1,0,1,1,0,0,0,4096.0,65536.0,4000.0,10.0,6.2,
67.0,175.98899999999998,0,1,1,1,0,1,1,1,0,0,4096.0,65536.0,3700.0,18.0,6.0,
69.0,197.89,1,0,1,1,0,1,1,0,0,0,4096.0,65536.0,3100.0,15.0,5.9,
86.0,868.89,0,1,1,1,1,1,1,1,0,0,8192.0,262144.0,4500.0,25.0,6.7,
66.0,120.439,1,0,1,1,0,1,1,0,0,0,4096.0,65536.0,3000.0,,5.84,
65.0,113.3,1,0,1,1,0,1,1,0,0,0,4096.0,65536.0,4100.0,,5.5,
,20.889,1,0,1,1,0,1,0,0,0,0,48.0,48.0,2500.0,,1.8,
88.0,505.989,1,0,1,1,1,1,1,0,0,0,12288.0,262144.0,22000.0,33.0,6.58,120.0
63.0,241.89,1,0,1,1,0,1,1,0,0,0,4096.0,65536.0,5000.0,5.0,6.52,
76.0,219.89,1,0,1,1,1,1,1,0,0,0,8192.0,131072.0,5000.0,45.0,6.67,120.0
84.0,362.89,1,0,1,1,1,1,1,0,0,0,8192.0,262144.0,5000.0,80.0,6.67,120.0
77.0,159.489,1,0,1,1,0,1,1,0,1,0,6144.0,131072.0,5000.0,18.0,6.58,90.0
85.0,461.89,1,0,1,1,1,1,1,1,0,0,6144.0,131072.0,4200.0,33.0,6.43,90.0
67.0,153.89,1,0,1,1,0,1,1,0,0,0,6144.0,131072.0,7000.0,,6.82,90.0
,17.589,1,0,0,0,0,0,0,0,0,0,4096.0,4.0,1000.0,,1.77,
,52.789,1,0,1,1,0,0,0,0,0,0,48.0,128.0,1450.0,,2.4,
67.0,115.39,1,0,1,1,0,1,1,0,0,0,3072.0,65536.0,5000.0,,6.51,
82.0,329.89,1,0,1,1,0,0,1,0,0,0,8192.0,131072.0,4000.0,66.0,6.67,120.0
82.0,252.89,1,0,1,1,0,1,1,1,0,0,8192.0,131072.0,5000.0,40.0,6.7,90.0
80.0,527.89,1,0,1,1,1,1,1,0,0,0,8192.0,131072.0,5000.0,,6.7,
84.0,219.989,1,0,1,1,0,1,1,0,0,0,8192.0,131072.0,4500.0,120.0,6.7,120.0
83.0,329.989,1,0,1,1,1,1,1,1,0,0,8192.0,131072.0,4500.0,80.0,6.43,120.0
74.0,130.66899999999998,1,0,1,1,0,1,1,0,0,0,4096.0,131072.0,5000.0,18.0,6.6,
84.0,318.89,1,0,1,1,1,1,1,1,0,0,8192.0,131072.0,4500.0,150.0,6.7,120.0
85.0,439.89,1,0,1,1,1,1,1,0,0,0,12288.0,262144.0,4350.0,120.0,6.56,120.0
78.0,175.98899999999998,1,0,1,1,1,1,1,0,1,0,6144.0,65536.0,5000.0,33.0,6.52,90.0
82.0,252.89,1,0,1,1,1,1,1,0,0,0,8192.0,262144.0,4500.0,33.0,6.43,
87.0,1649.9889999999998,1,0,1,1,1,1,1,0,0,0,8192.0,131072.0,3360.0,,7.2,
75.0,126.489,1,0,1,1,0,1,1,1,0,0,4096.0,131072.0,5000.0,18.0,6.8,90.0
84.0,252.989,1,0,1,1,0,1,1,0,0,0,8192.0,262144.0,5000.0,44.0,6.7,120.0
70.0,87.98899999999999,1,0,1,1,0,1,1,0,0,0,4096.0,65536.0,5000.0,,6.6,
82.0,351.989,1,0,1,1,1,1,1,1,0,0,8192.0,131072.0,5000.0,65.0,6.62,120.0
78.0,340.89,0,1,1,1,1,1,1,1,0,0,6144.0,65536.0,4500.0,30.0,6.0,
64.0,87.98899999999999,1,0,1,1,0,1,1,0,0,0,3072.0,32768.0,6000.0,,6.52,
74.0,120.989,1,0,1,1,0,1,1,0,0,0,4096.0,65536.0,7000.0,18.0,6.95,
79.0,164.89,1,0,1,1,1,1,1,0,0,0,6144.0,131072.0,5000.0,67.0,6.67,120.0
77.0,159.489,1,0,1,1,0,1,1,0,0,0,4096.0,65536.0,6000.0,20.0,6.78,120.0
86.0,494.989,1,0,1,1,1,1,1,1,0,0,8192.0,131072.0,4500.0,65.0,6.55,120.0
83.0,197.989,1,0,1,1,0,1,1,0,0,0,8192.0,131072.0,5000.0,30.0,6.4,
83.0,219.989,1,0,1,1,1,1,1,0,0,0,8192.0,131072.0,5000.0,30.0,6.5,120.0
,43.989,1,0,1,1,0,0,1,0,0,0,1024.0,8192.0,2400.0,,5.0,
,1121.989,1,0,1,1,1,1,1,1,0,0,12288.0,131072.0,5000.0,25.0,6.8,120.0
84.0,425.7,1,0,1,1,1,1,1,0,0,0,8192.0,131072.0,4350.0,65.0,6.53,90.0
73.0,219.989,1,0,1,1,0,1,1,0,0,0,4096.0,65536.0,4500.0,65.0,6.3,
72.0,120.989,1,0,1,1,0,1,1,0,0,0,4096.0,65536.0,6000.0,15.0,6.5,90.0
68.0,186.89,1,0,1,1,0,1,1,0,0,0,4096.0,65536.0,5000.0,18.0,6.52,90.0
75.0,615.9889999999999,1,0,1,1,1,1,1,1,0,0,4096.0,262144.0,5000.0,33.0,5.4,
76.0,747.9889999999999,1,0,1,1,1,1,1,1,0,0,4096.0,262144.0,5000.0,33.0,6.1,
66.0,109.989,1,0,1,1,0,1,1,0,0,0,3072.0,32768.0,4230.0,,6.52,
77.0,158.82899999999998,1,0,1,1,0,1,1,0,1,0,4096.0,131072.0,5020.0,18.0,6.67,
,27.489,1,0,0,0,0,0,0,0,0,0,,,1020.0,,2.4,
64.0,109.89,1,0,1,1,0,1,1,0,0,0,3072.0,32768.0,4230.0,,6.22,
85.0,274.989,1,0,1,1,1,1,1,1,0,0,8192.0,131072.0,4200.0,65.0,6.44,90.0
,945.89,1,0,1,1,1,1,1,1,0,0,8192.0,131072.0,4500.0,25.0,6.7,
88.0,5280.0,1,0,1,1,0,1,1,1,0,0,8192.0,262144.0,4000.0,27.0,6.39,
78.0,186.989,1,0,1,1,0,1,1,0,1,0,6144.0,65536.0,4500.0,18.0,6.53,
,98.989,1,0,1,1,0,1,1,0,0,0,2048.0,16384.0,4000.0,,6.2,
62.0,175.89,1,0,1,1,0,1,1,0,0,0,3072.0,32768.0,3200.0,,6.0,
,43.989,1,0,1,1,0,1,1,0,0,0,256.0,512.0,1200.0,,2.4,
,42.79,1,0,1,1,0,1,1,0,0,0,3072.0,32768.0,2500.0,,5.0,
,18.535,0,1,0,0,0,0,0,0,0,0,8192.0,131072.0,800.0,,1.5,
75.0,934.89,1,0,1,1,1,1,1,1,0,1,8192.0,131072.0,4532.0,,6.71,120.0
78.0,241.989,1,0,1,1,1,1,1,1,0,0,4096.0,131072.0,5000.0,18.0,6.58,
,23.089,1,0,1,1,0,1,0,0,0,0,48.0,128.0,1800.0,,2.4,
66.0,98.989,1,0,1,1,0,1,1,0,0,0,4096.0,65536.0,5000.0,,6.5,
,7.138999999999999,1,0,0,0,0,0,0,0,0,0,16384.0,16.0,1000.0,,1.8,
79.0,230.989,1,0,1,1,1,1,1,1,0,0,6144.0,131072.0,5000.0,33.0,6.83,120.0
84.0,362.89,1,0,1,1,1,1,1,1,0,0,8192.0,131072.0,4500.0,80.0,6.43,90.0
70.0,99.242,1,0,1,1,0,1,1,0,0,0,4096.0,65536.0,5000.0,10.0,6.5,90.0
61.0,92.389,1,0,1,1,0,1,1,0,0,0,3072.0,32768.0,5000.0,10.0,6.52,
64.0,109.989,1,0,1,1,0,1,1,0,0,0,3072.0,65536.0,5000.0,,6.6,
63.0,92.29,1,0,1,1,0,1,1,0,0,0,3072.0,65536.0,5000.0,,6.6,90.0
82.0,219.989,1,0,1,1,1,1,1,1,0,0,6144.0,131072.0,4200.0,55.0,6.9,120.0
71.0,153.989,1,0,1,1,0,1,1,0,0,0,4096.0,65536.0,5000.0,10.0,6.5,
85.0,329.989,1,0,1,1,1,1,1,1,1,0,8192.0,131072.0,4500.0,67.0,6.55,120.0
60.0,98.89,1,0,1,1,0,1,1,0,0,0,3072.0,32768.0,3000.0,10.0,6.0,
,1803.78,1,0,1,1,1,1,1,1,0,0,12288.0,1048576.0,4400.0,25.0,7.6,120.0
80.0,274.89,1,0,1,1,1,1,1,1,0,0,6144.0,131072.0,5000.0,33.0,6.55,120.0
,659.89,1,0,1,1,1,1,1,1,0,0,8192.0,131072.0,4450.0,125.0,6.67,144.0
86.0,527.89,1,0,1,1,1,1,1,1,0,0,12288.0,262144.0,4800.0,150.0,6.7,120.0
86.0,450.89,1,0,1,1,1,1,1,1,0,0,8192.0,131072.0,5000.0,100.0,6.7,120.0
74.0,252.989,1,0,1,1,0,1,1,1,0,0,8192.0,131072.0,6000.0,,6.5,
63.0,142.89,1,0,1,1,0,1,1,0,0,0,4096.0,65536.0,5000.0,18.0,6.5,
79.0,164.989,1,0,1,1,0,1,1,0,0,0,8192.0,131072.0,5000.0,33.0,6.7,
86.0,472.989,1,0,1,1,1,1,1,1,1,0,8192.0,131072.0,4500.0,150.0,6.67,120.0
78.0,164.989,1,0,1,1,1,1,1,0,0,0,4096.0,131072.0,5000.0,18.0,6.58,120.0
83.0,252.89,1,0,1,1,0,1,1,0,0,0,8192.0,131072.0,5000.0,44.0,6.44,120.0
,1308.89,1,0,1,1,1,1,1,1,0,0,12288.0,524288.0,4600.0,66.0,8.03,120.0
81.0,329.89,1,0,1,1,1,1,1,0,0,0,8192.0,131072.0,5000.0,80.0,6.62,120.0
62.0,81.389,1,0,1,1,0,1,1,0,0,0,3072.0,65536.0,5000.0,,6.6,90.0
80.0,197.989,1,0,1,1,1,1,1,0,0,0,8192.0,131072.0,4200.0,55.0,6.67,120.0
77.0,140.789,1,0,1,1,0,1,1,0,0,0,6144.0,131072.0,5000.0,33.0,6.7,
86.0,296.989,1,0,1,1,1,1,1,0,1,0,8192.0,131072.0,4500.0,120.0,6.67,120.0
82.0,252.989,1,0,1,1,1,1,1,0,0,0,8192.0,131072.0,5000.0,15.0,6.6,90.0
84.0,1626.9,1,0,1,1,1,1,1,1,0,0,6144.0,1048576.0,3095.0,,6.1,120.0
84.0,494.989,1,0,1,1,1,1,1,1,0,0,8192.0,131072.0,5050.0,30.0,6.8,165.0
68.0,85.69,1,0,1,1,0,1,1,0,0,0,6144.0,65536.0,5000.0,,6.52,
87.0,439.89,1,0,1,1,1,1,1,0,0,0,6144.0,131072.0,6000.0,33.0,6.51,144.0
65.0,109.989,1,0,1,1,0,1,1,0,0,0,3072.0,32768.0,5000.0,,6.51,
80.0,252.89,1,0,1,1,1,1,1,0,0,0,6144.0,131072.0,4000.0,18.0,6.5,90.0
79.0,362.989,1,0,1,1,1,1,1,0,1,0,6144.0,131072.0,5065.0,67.0,6.67,120.0
85.0,362.89,1,0,1,1,1,1,1,1,0,0,6144.0,131072.0,4300.0,66.0,6.57,120.0
74.0,164.989,1,0,1,1,0,1,1,0,0,0,6144.0,131072.0,5000.0,,6.51,
74.0,137.489,1,0,1,1,0,1,1,0,0,0,4096.0,65536.0,5000.0,18.0,6.6,120.0
84.0,439.89,1,0,1,1,1,1,1,1,0,0,8192.0,131072.0,4000.0,66.0,6.62,120.0
61.0,71.48899999999999,1,0,1,1,0,1,1,0,0,0,2048.0,32768.0,5000.0,,6.52,
76.0,203.489,1,0,1,1,0,1,1,0,0,0,6144.0,131072.0,5000.0,15.0,6.4,
85.0,340.934,1,0,1,1,1,1,1,1,0,0,8192.0,131072.0,4500.0,65.0,6.43,120.0
78.0,362.989,0,1,1,1,1,1,1,1,0,0,6144.0,131072.0,4620.0,18.0,6.34,
73.0,115.489,1,0,1,1,0,1,1,0,0,0,4096.0,65536.0,6000.0,15.0,6.5,90.0
82.0,219.989,1,0,1,1,0,1,1,0,0,0,6144.0,131072.0,6000.0,15.0,6.4,
75.0,192.489,1,0,1,1,0,1,1,0,0,0,6144.0,131072.0,5000.0,,6.5,
69.0,120.89,1,0,1,1,0,1,1,0,0,0,6144.0,131072.0,5000.0,,6.53,
82.0,209.0,1,0,1,1,0,1,1,0,0,0,8192.0,131072.0,4100.0,33.0,6.44,
70.0,153.89,1,0,1,1,0,1,1,0,0,0,6144.0,131072.0,5000.0,18.0,6.5,90.0
72.0,115.489,1,0,1,1,0,1,1,0,0,0,4096.0,65536.0,6000.0,18.0,6.5,
,64.78999999999999,1,0,1,1,0,1,1,0,0,0,3072.0,32768.0,4000.0,,6.09,
61.0,71.39,1,0,1,1,0,1,1,0,0,0,2048.0,32768.0,5000.0,,6.5,
88.0,604.9889999999999,1,0,1,1,1,1,1,1,1,0,8192.0,262144.0,4780.0,30.0,6.67,90.0
65.0,109.89,1,0,1,1,0,1,1,0,0,0,4096.0,65536.0,5000.0,,6.5,
79.0,274.989,1,0,1,1,0,1,1,0,0,0,8192.0,131072.0,4300.0,30.0,6.55,90.0
,37.389,1,0,0,0,0,0,0,0,0,0,8192.0,16.0,1200.0,,2.4,
88.0,659.89,1,0,1,1,0,1,1,1,0,0,12288.0,262144.0,3730.0,,6.5,
,2364.89,1,0,1,1,1,1,1,1,1,0,12288.0,524288.0,4500.0,,6.53,
63.0,109.89,1,0,1,1,0,1,1,0,0,0,2048.0,32768.0,4000.0,15.0,6.4,
,76.98899999999999,1,0,1,1,0,1,1,0,0,0,2048.0,16384.0,4000.0,,6.1,
,1859.0,1,0,1,1,1,1,1,1,1,0,8192.0,524288.0,4500.0,55.0,8.0,
78.0,439.89,1,0,1,1,0,1,1,1,0,0,6144.0,131072.0,3400.0,,6.4,
70.0,236.39,1,0,1,1,0,1,1,0,0,0,4096.0,65536.0,3300.0,,6.0,
,148.39,1,0,1,1,0,1,1,0,0,0,3072.0,16384.0,2730.0,,5.2,
70.0,87.98899999999999,1,0,1,1,0,1,1,0,0,0,4096.0,65536.0,5000.0,,6.71,
67.0,98.89,1,0,1,1,1,1,1,1,0,0,4096.0,65536.0,5180.0,10.0,6.1,
75.0,153.989,1,0,1,1,0,1,1,0,0,0,6144.0,131072.0,5000.0,5.0,6.75,90.0
,21.989,1,0,0,0,0,0,0,0,0,0,32.0,32.0,800.0,,1.77,
72.0,153.89,1,0,1,1,1,1,1,0,0,0,6144.0,131072.0,5000.0,10.0,6.56,90.0
84.0,164.989,1,0,1,1,0,1,1,1,0,0,8192.0,131072.0,6000.0,33.0,6.3,
,76.98899999999999,1,0,1,1,0,1,1,0,0,0,3072.0,32768.0,4000.0,,6.5,
87.0,472.89,1,0,1,1,1,1,1,1,0,0,8192.0,131072.0,4500.0,68.0,6.67,144.0
61.0,74.789,1,0,1,1,0,1,1,0,0,0,4096.0,65536.0,5000.0,,6.82,
72.0,284.889,1,0,1,1,0,0,1,1,0,0,6144.0,131072.0,8000.0,,5.86,
89.0,604.9889999999999,1,0,1,1,1,1,1,1,1,1,12288.0,262144.0,5000.0,67.0,6.43,120.0
89.0,549.89,1,0,1,1,1,1,1,1,0,1,8192.0,131072.0,5000.0,68.0,6.6,144.0
86.0,362.89,1,0,1,1,1,1,1,1,1,0,8192.0,262144.0,5000.0,80.0,6.7,120.0
64.0,95.92,1,0,1,1,0,1,1,0,0,0,4096.0,65536.0,5000.0,10.0,6.5,
89.0,769.89,1,0,1,1,1,1,1,1,0,0,8192.0,262144.0,4700.0,120.0,6.73,120.0
,52.657,1,0,1,1,0,0,1,0,0,0,2048.0,32768.0,3020.0,,5.0,
80.0,780.89,1,0,1,1,1,1,1,1,0,0,12288.0,262144.0,5000.0,67.0,6.73,120.0
,1319.89,1,0,1,1,1,1,1,1,0,0,12288.0,262144.0,4800.0,66.0,8.03,120.0
83.0,384.89,1,0,1,1,1,1,1,0,0,0,8192.0,131072.0,5000.0,2.0,6.67,120.0
75.0,164.89,1,0,1,1,1,1,1,0,0,0,6144.0,131072.0,5000.0,5.0,6.5,
85.0,318.89,1,0,1,1,1,1,1,1,1,0,8192.0,262144.0,5080.0,67.0,6.6,144.0
80.0,219.89,1,0,1,1,1,1,1,1,0,0,6144.0,131072.0,5000.0,,6.8,
74.0,274.89,1,0,1,1,1,1,1,0,0,0,8192.0,131072.0,5000.0,,6.5,
